"Object","Close-Approach (CA) Date","CA DistanceNominal (au)","CA DistanceMinimum (au)","V relative(km/s)","V infinity(km/s)","H(mag)","Diameter","Rarity"
"(2007 JB21)","1910-May-09 08:37 ±    01:34","0.00117","0.00042","7.70","7.40","25.4","22 m -   49 m","2"
"152680 (1998 KJ9)","1914-Dec-31 12:00 ± < 00:01","0.00156","0.00156","21.10","21.02","19.5","330 m -  750 m","4"
"458732 (2011 MD5)","1918-Sep-17 22:24 ±    00:02","0.00234","0.00234","12.99","12.90","17.8","730 m -  1.6 km","4"
"(2024 FQ5)","1919-Apr-02 00:54 ±    01:28","0.00075","0.00011","7.48","6.98","31.0","1.7 m -  3.8 m","0"
"(2023 VC7)","1920-Jun-21 18:25 ±    04:19","0.00181","0.00142","9.15","8.99","25.9","18 m -   40 m","2"
"(2017 LD)","1922-Jun-07 23:27 ± 5_23:44","0.00035","0.00006","5.96","4.49","27.5","8.4 m -   19 m","2"
"(2021 MK1)","1923-Jun-26 01:07 ± 1_00:04","0.00247","0.00183","10.53","10.43","21.3","140 m -  320 m","3"
"163132 (2002 CU11)","1925-Aug-30 23:38 ± < 00:01","0.00232","0.00231","26.48","26.43","18.6","0.460±0.017 km","4"
"(2023 CN1)","1926-Feb-06 17:41 ± 2_21:24","0.00100","0.00071","9.30","9.01","26.2","15 m -   34 m","2"
"(2024 HC)","1928-Mar-20 02:05 ± 6_23:38","0.00120","0.00110","2.82","1.88","27.4","8.6 m -   19 m","1"
"(2022 SU7)","1931-Oct-01 08:44 ±    14:16","0.00223","0.00217","5.13","4.90","28.3","5.8 m -   13 m","0"
"(2015 UM52)","1933-Oct-22 08:23 ± 4_15:22","0.00169","0.00120","7.75","7.55","27.8","7.3 m -   16 m","0"
"(2015 DD54)","1935-Mar-08 09:19 ± 1_14:51","0.00123","0.00122","6.92","6.60","25.4","22 m -   49 m","2"
"(2010 VB1)","1936-Jan-06 12:08 ± < 00:01","0.00142","0.00142","8.05","7.81","23.3","58 m -  130 m","3"
"(2018 RW)","1938-Jun-21 02:53 ± 3_16:34","0.00070","0.00012","6.43","5.81","30.6","2.0 m -  4.5 m","0"
"(2016 VA)","1938-Nov-02 05:57 ±    22:18","0.00148","0.00107","21.12","21.03","27.6","8.0 m -   18 m","1"
"(2023 VV1)","1938-Nov-14 13:19 ± 2_08:05","0.00055","1.1e-6","4.62","3.41","28.9","4.3 m -  9.7 m","1"
"(2007 RJ1)","1940-Sep-16 04:48 ± 4_22:50","0.00168","0.00155","9.79","9.62","25.2","24 m -   54 m","2"
"(2014 AW32)","1941-Jan-10 12:49 ±    05:23","0.00094","0.00070","12.42","12.19","27.5","8.4 m -   19 m","1"
"(2023 FY3)","1942-Sep-11 11:17 ± 9_20:03","0.00221","0.00137","1.70","0.68","29.0","4.2 m -  9.3 m","0"
"(2022 BY39)","1944-Aug-12 02:27 ± 6_09:07","0.00152","0.00052","3.11","2.48","29.9","2.7 m -  6.1 m","0"
"(2017 BX)","1948-Jan-24 19:01 ± 8_14:44","0.00253","0.00045","7.48","7.33","28.0","6.7 m -   15 m","0"
"(2003 YS70)","1949-Jan-01 04:06 ± 1_02:26","0.00173","0.00161","3.64","3.19","29.1","4.0 m -  9.0 m","0"
"(2009 UU1)","1952-Oct-23 04:42 ± 9_02:05","0.00174","0.00174","10.99","10.85","24.7","31 m -   68 m","2"
"(2019 GK21)","1953-Apr-10 05:24 ±    03:16","0.00135","0.00133","9.33","9.11","25.7","19 m -   43 m","2"
"(2024 TQ9)","1953-Oct-08 04:29 ± 5_11:17","0.00192","0.00186","7.14","6.94","30.8","1.9 m -  4.2 m","0"
"(2013 RZ53)","1954-Mar-13 00:10 ±    02:53","0.00069","0.00069","3.04","1.24","31.1","1.6 m -  3.6 m","0"
"(2015 LR21)","1955-Jun-19 01:25 ±    00:18","0.00152","0.00141","14.00","13.88","26.6","13 m -   28 m","1"
"(2015 KE)","1955-Sep-17 22:35 ± 8_03:19","0.00158","0.00003","3.58","3.07","26.2","15 m -   34 m","1"
"(2024 UQ1)","1956-Oct-27 13:12 ± 8_14:00","0.00239","0.00044","6.56","6.39","27.7","7.6 m -   17 m","0"
"(2019 CD2)","1957-Feb-01 12:15 ± < 00:01","0.00050","0.00050","19.90","19.63","20.0","260 m -  590 m","5"
"(2010 XW58)","1957-Dec-10 07:06 ±    00:06","0.00041","0.00040","7.29","6.32","24.9","28 m -   62 m","3"
"(2022 LV)","1958-Jun-22 20:06 ± 2_03:37","0.00230","0.00042","3.94","3.63","25.9","17 m -   39 m","1"
"(2012 BX34)","1959-Jan-27 10:34 ±    00:25","0.00137","0.00103","9.60","9.39","27.6","8.0 m -   18 m","1"
"(2018 VX1)","1959-Nov-11 17:49 ±    20:53","0.00247","0.00223","6.00","5.81","27.5","8.4 m -   19 m","0"
"(2004 UH1)","1960-Oct-24 15:34 ±    02:50","0.00123","0.00104","11.79","11.61","28.1","6.4 m -   14 m","0"
"(2022 KW4)","1961-May-31 17:25 ± 7_02:12","0.00236","0.00236","5.48","5.27","28.2","6.1 m -   14 m","0"
"(2023 VW)","1964-Nov-07 11:34 ± 7_16:00","0.00170","0.00169","8.21","8.01","28.0","6.7 m -   15 m","0"
"(2005 VL1)","1965-Oct-27 17:18 ±    02:05","0.00228","0.00180","6.72","6.55","26.4","14 m -   30 m","1"
"(2008 GD110)","1968-Apr-23 01:35 ±    17:06","0.00061","0.00040","9.03","8.53","24.5","33 m -   75 m","3"
"(2010 JR34)","1968-May-15 16:11 ± 2_16:12","0.00236","0.00235","4.63","4.37","27.7","7.7 m -   17 m","0"
"(2014 YW14)","1968-Dec-28 03:57 ± 1_09:08","0.00159","0.00153","8.64","8.44","27.6","8.0 m -   18 m","0"
"(2019 DS1)","1970-Feb-26 13:57 ± < 00:01","0.00242","0.00240","10.53","10.42","25.6","20 m -   45 m","1"
"(2016 CE)","1971-Feb-04 22:54 ±    19:24","0.00212","0.00149","8.34","8.19","28.5","5.3 m -   12 m","0"
"(2024 EN)","1971-Mar-19 23:06 ±    01:22","0.00091","0.00049","11.90","11.65","24.4","34 m -   77 m","3"
"612358 (2002 JE9)","1971-Apr-11 02:36 ±    00:11","0.00176","0.00167","13.22","13.10","21.4","140 m -  310 m","4"
"(2021 JY3)","1971-May-20 13:46 ± 2_17:08","0.00144","0.00135","4.54","4.11","28.4","5.4 m -   12 m","0"
"(2021 RP2)","1972-Mar-17 13:36 ±    02:48","0.00061","0.00022","5.36","4.47","30.3","2.3 m -  5.2 m","0"
"(2023 FN13)","1972-Apr-15 02:11 ±    05:10","0.00117","0.00058","5.11","4.64","27.2","9.6 m -   21 m","1"
"(2021 LF6)","1972-Dec-22 21:42 ±    00:49","0.00251","0.00240","2.11","1.52","28.5","5.2 m -   12 m","0"
"(2023 EN)","1975-Mar-09 08:02 ±    18:14","0.00094","0.00094","12.79","12.56","28.1","6.4 m -   14 m","1"
"(2021 LD6)","1975-Jul-01 22:43 ±    05:31","0.00079","0.00053","3.91","2.92","27.2","9.7 m -   22 m","1"
"(2013 UG1)","1976-Oct-17 04:21 ± < 00:01","0.00219","0.00219","14.22","14.13","22.6","81 m -  180 m","3"
"(2022 QX4)","1977-Sep-05 01:47 ±    00:07","0.00086","0.00085","9.43","9.10","24.7","31 m -   68 m","3"
"(2014 WX202)","1979-Sep-02 00:16 ±    00:15","0.00224","0.00220","1.79","0.91","29.6","3.2 m -  7.1 m","0"
"(2018 RY1)","1980-Oct-15 14:08 ± < 00:01","0.00116","0.00116","8.28","8.00","24.6","32 m -   71 m","3"
"(2023 XR14)","1980-Dec-12 04:53 ±    00:26","0.00255","0.00252","10.41","10.31","28.3","5.7 m -   13 m","0"
"(2012 TY52)","1982-Nov-04 08:07 ±    00:03","0.00210","0.00209","15.35","15.27","21.3","150 m -  330 m","3"
"(2016 TB57)","1984-Jan-10 00:58 ±    00:20","0.00197","0.00196","2.79","2.25","26.1","16 m -   36 m","1"
"(2021 OD1)","1985-Jul-31 10:49 ±    12:10","0.00184","0.00081","7.83","7.64","28.3","5.9 m -   13 m","0"
"(2019 VC37)","1985-Nov-01 04:21 ± 1_15:05","0.00170","0.00131","5.89","5.62","29.7","3.1 m -  6.9 m","0"
"(2024 RV30)","1987-Aug-28 23:53 ± 9_01:37","0.00257","0.00255","3.90","3.63","27.4","9.0 m -   20 m","0"
"(2010 UK)","1988-Oct-15 21:41 ± 1_03:59","0.00245","0.00210","6.31","6.13","26.8","12 m -   26 m","1"
"(2003 SW130)","1990-Sep-19 01:02 ±    01:00","0.00138","0.00118","9.01","8.79","29.1","4.0 m -  9.0 m","0"
"(1991 BA)","1991-Jan-18 17:19 ±    00:02","0.00112","0.00093","17.89","17.76","28.6","5.1 m -   11 m","0"
"(2012 UE34)","1991-Apr-08 15:50 ± < 00:01","0.00220","0.00220","5.73","5.52","23.3","58 m -  130 m","3"
"(2024 RC42)","1992-Sep-12 01:26 ±    10:55","0.00042","0.00036","8.25","7.43","32.4","0.89 m -  2.0 m","0"
"(2020 HN3)","1992-Oct-21 21:42 ± 1_22:43","0.00228","0.00219","4.41","4.14","29.4","3.5 m -  7.8 m","0"
"(1993 KA2)","1993-May-20 20:38 ± < 00:01","0.00100","0.00099","24.05","23.94","29.0","4.2 m -  9.4 m","0"
"(1994 ES1)","1994-Mar-15 17:16 ± < 00:01","0.00113","0.00113","18.66","18.54","28.5","5.3 m -   12 m","0"
"(2019 UU1)","1994-Apr-16 07:53 ±    04:16","0.00126","0.00081","7.75","7.47","30.4","2.2 m -  4.9 m","0"
"(1994 XM1)","1994-Dec-09 18:55 ±    00:02","0.00070","0.00069","11.32","10.98","28.2","6.1 m -   14 m","1"
"(2013 EC20)","1999-Mar-12 23:19 ± 1_16:25","0.00209","0.00070","3.13","2.69","29.0","4.2 m -  9.4 m","0"
"(2001 BA16)","2001-Jan-15 20:30 ±    00:01","0.00205","0.00204","5.10","4.84","26.0","17 m -   38 m","1"
"(2017 VW13)","2001-Nov-08 10:53 ± 1_04:02","0.00080","0.00079","11.37","11.08","20.6","200 m -  440 m","4"
"(2002 MN)","2002-Jun-14 02:03 ±    00:02","0.00080","0.00080","10.57","10.26","23.7","48 m -  110 m","3"
"(2002 XV90)","2002-Dec-11 08:24 ±    00:03","0.00079","0.00078","8.01","7.57","25.3","23 m -   52 m","2"
"(2003 HW10)","2003-Apr-29 06:24 ± < 00:01","0.00221","0.00220","13.31","13.22","27.0","11 m -   24 m","1"
"(2003 SW130)","2003-Sep-19 05:39 ± < 00:01","0.00108","0.00108","9.09","8.82","29.1","4.0 m -  9.0 m","0"
"(2003 SQ222)","2003-Sep-27 22:56 ± < 00:01","0.00056","0.00056","15.43","15.12","30.1","2.5 m -  5.7 m","0"
"(2003 UM3)","2003-Oct-12 01:57 ±    21:18","0.00185","0.00151","12.89","12.78","28.1","6.4 m -   14 m","0"
"(2003 XJ7)","2003-Dec-06 19:04 ± < 00:01","0.00099","0.00099","16.93","16.77","26.4","14 m -   31 m","2"
"(2004 FH)","2004-Mar-18 22:09 ± < 00:01","0.00033","0.00033","8.00","6.91","26.4","14 m -   31 m","3"
"(2004 FY15)","2004-Mar-27 20:22 ± < 00:01","0.00160","0.00159","8.57","8.38","26.1","16 m -   36 m","1"
"(2004 FU162)","2004-Mar-31 15:35 ±    01:32","0.00009","0.00002","13.39","10.84","29.5","3.4 m -  7.6 m","2"
"(2004 HE)","2004-Apr-18 00:21 ± < 00:01","0.00185","0.00185","18.25","18.17","26.8","12 m -   26 m","1"
"(2023 DZ2)","2004-Apr-18 23:56 ±    00:22","0.00087","0.00085","7.99","7.59","24.3","37 m -   83 m","3"
"(2004 OD4)","2004-Jul-16 05:10 ± < 00:01","0.00111","0.00110","8.89","8.61","27.0","11 m -   24 m","1"
"(2004 RU109)","2004-Sep-13 15:43 ± < 00:01","0.00247","0.00246","12.93","12.85","26.4","14 m -   31 m","1"
"(2004 ST26)","2004-Sep-21 23:32 ±    00:02","0.00246","0.00245","21.38","21.33","26.3","15 m -   33 m","1"
"(2016 TT)","2004-Sep-26 04:38 ± 8_03:05","0.00172","0.00165","11.76","11.63","26.0","17 m -   38 m","1"
"(2004 UH1)","2004-Oct-24 17:32 ± < 00:01","0.00198","0.00198","11.75","11.63","28.1","6.4 m -   14 m","0"
"(2004 XB45)","2004-Dec-16 19:10 ± < 00:01","0.00217","0.00217","17.13","17.05","26.2","15 m -   34 m","1"
"(2004 YD5)","2004-Dec-19 20:38 ± < 00:01","0.00023","0.00023","25.35","24.89","29.3","3.7 m -  8.2 m","1"
"(2005 BS1)","2005-Jan-13 10:13 ±    00:10","0.00176","0.00175","12.51","12.38","27.5","8.4 m -   19 m","0"
"(2005 FN)","2005-Mar-18 21:44 ± < 00:01","0.00096","0.00096","10.62","10.36","26.9","11 m -   25 m","1"
"(2005 TK50)","2005-Oct-10 03:30 ±    00:10","0.00086","0.00074","18.26","18.09","29.1","4.0 m -  9.0 m","0"
"(2005 UW5)","2005-Oct-30 00:17 ± < 00:01","0.00125","0.00125","9.78","9.56","27.5","8.4 m -   19 m","1"
"(2005 WN3)","2005-Nov-26 00:32 ± < 00:01","0.00056","0.00056","19.30","19.05","29.9","2.8 m -  6.2 m","0"
"(2005 XA8)","2005-Dec-05 11:12 ± < 00:01","0.00145","0.00145","12.22","12.07","25.7","19 m -   43 m","2"
"(2006 BV39)","2006-Jan-28 07:28 ± < 00:01","0.00225","0.00225","8.01","7.86","29.1","4.0 m -  9.0 m","0"
"(2006 BF56)","2006-Jan-29 10:33 ± < 00:01","0.00137","0.00137","25.45","25.37","29.6","3.2 m -  7.1 m","0"
"(2006 DD1)","2006-Feb-23 06:56 ± < 00:01","0.00079","0.00078","17.23","17.03","26.5","13 m -   30 m","2"
"(2006 DM63)","2006-Feb-24 03:54 ±    00:46","0.00153","0.00152","10.50","10.34","26.7","12 m -   27 m","1"
"(2006 EC)","2006-Mar-08 15:19 ± < 00:01","0.00181","0.00180","7.65","7.45","26.6","13 m -   28 m","1"
"(2006 OK3)","2006-Jul-23 10:45 ± < 00:01","0.00188","0.00188","14.73","14.63","27.1","10 m -   23 m","1"
"(2006 QM111)","2006-Aug-31 21:30 ± < 00:01","0.00107","0.00107","18.97","18.83","27.6","8.0 m -   18 m","1"
"(2006 UE64)","2006-Oct-21 02:40 ±    00:04","0.00114","0.00113","11.81","11.61","28.0","6.7 m -   15 m","1"
"(2006 UJ185)","2006-Oct-30 16:43 ±    00:02","0.00179","0.00178","15.59","15.50","27.9","7.0 m -   16 m","0"
"(2006 WP1)","2006-Nov-16 15:23 ±    00:05","0.00208","0.00207","18.02","17.95","28.2","6.1 m -   14 m","0"
"(2006 WX29)","2006-Nov-20 05:47 ±    00:13","0.00221","0.00218","21.15","21.09","27.8","7.3 m -   16 m","0"
"(2006 WV)","2006-Nov-21 10:07 ± < 00:01","0.00233","0.00233","14.76","14.68","27.2","9.7 m -   22 m","0"
"(2007 BD)","2007-Jan-18 02:52 ± < 00:01","0.00217","0.00217","7.60","7.43","25.4","22 m -   49 m","2"
"(2007 CC27)","2007-Feb-11 12:40 ± < 00:01","0.00221","0.00220","10.94","10.83","27.0","11 m -   24 m","1"
"(2007 DN41)","2007-Feb-21 09:41 ± < 00:01","0.00202","0.00202","13.06","12.96","26.4","14 m -   31 m","1"
"(2007 EH)","2007-Mar-11 01:38 ± < 00:01","0.00117","0.00117","17.40","17.27","27.6","8.0 m -   18 m","1"
"(2007 EK)","2007-Mar-13 05:30 ± < 00:01","0.00177","0.00176","8.55","8.38","29.3","3.7 m -  8.2 m","0"
"(2006 RH120)","2007-Mar-25 12:32 ± < 00:01","0.00236","0.00236","1.37","-NaN","29.5","3.3 m -  7.5 m","0"
"(2007 HB15)","2007-Apr-24 20:32 ± < 00:01","0.00147","0.00147","6.64","6.37","27.7","7.7 m -   17 m","0"
"(2006 RH120)","2007-Jun-14 05:31 ± < 00:01","0.00185","0.00185","1.57","-NaN","29.5","3.3 m -  7.5 m","0"
"(2007 RS1)","2007-Sep-05 01:19 ± < 00:01","0.00049","0.00049","12.15","11.69","30.9","1.8 m -  3.9 m","0"
"(2007 TX22)","2007-Oct-12 10:29 ±    00:44","0.00097","0.00094","9.26","8.96","28.4","5.6 m -   12 m","0"
"(2007 UO6)","2007-Oct-17 14:52 ±    00:20","0.00245","0.00238","11.94","11.85","27.3","9.2 m -   21 m","0"
"(2007 UN12)","2007-Oct-17 15:26 ± < 00:01","0.00047","0.00047","3.73","1.58","28.7","4.8 m -   11 m","1"
"(2007 UD6)","2007-Oct-18 19:24 ± < 00:01","0.00128","0.00128","6.36","6.02","28.3","5.8 m -   13 m","0"
"(2007 US51)","2007-Oct-30 06:06 ± < 00:01","0.00149","0.00149","15.31","15.20","27.2","9.7 m -   22 m","1"
"(2007 VF189)","2007-Nov-14 03:21 ± < 00:01","0.00156","0.00156","11.61","11.46","28.3","5.8 m -   13 m","0"
"(2022 XT)","2007-Dec-07 15:18 ± 1_04:10","0.00112","0.00021","14.09","13.92","25.8","18 m -   41 m","2"
"(2007 XB23)","2007-Dec-13 04:03 ±    00:27","0.00067","0.00065","5.38","4.57","27.1","10 m -   23 m","2"
"(2007 YP56)","2007-Dec-27 16:50 ±    00:11","0.00138","0.00138","21.35","21.26","25.8","18 m -   41 m","2"
"(2008 AF3)","2008-Jan-13 09:14 ± < 00:01","0.00252","0.00251","3.51","3.20","26.1","16 m -   36 m","1"
"(2008 BW2)","2008-Jan-16 19:44 ±    00:22","0.00238","0.00236","6.98","6.81","29.7","3.1 m -  6.8 m","0"
"(2008 BC15)","2008-Jan-31 13:19 ± < 00:01","0.00198","0.00197","20.70","20.63","26.6","13 m -   28 m","1"
"(2008 CT1)","2008-Feb-05 07:04 ±    00:39","0.00089","0.00087","13.98","13.76","27.7","7.7 m -   17 m","1"
"(2008 CK70)","2008-Feb-15 00:19 ± < 00:01","0.00248","0.00248","15.44","15.37","24.9","28 m -   62 m","2"
"(2008 EZ7)","2008-Mar-09 01:21 ± < 00:01","0.00108","0.00108","8.38","8.08","27.0","11 m -   24 m","1"
"(2008 EF32)","2008-Mar-10 05:23 ±    05:08","0.00044","0.00033","13.58","13.13","29.4","3.5 m -  7.8 m","0"
"(2008 EM68)","2008-Mar-10 20:17 ± 1_11:40","0.00149","0.00038","17.56","17.46","27.5","8.4 m -   19 m","1"
"(2008 FK)","2008-Mar-23 09:39 ±    00:06","0.00217","0.00216","13.27","13.18","27.3","9.2 m -   21 m","0"
"(2008 FP)","2008-Mar-29 11:39 ± < 00:01","0.00114","0.00114","32.64","32.56","26.3","15 m -   33 m","2"
"(2008 GM2)","2008-Apr-03 21:46 ± < 00:01","0.00139","0.00139","5.02","4.63","28.3","5.8 m -   13 m","0"
"(2008 GF1)","2008-Apr-07 16:07 ± < 00:01","0.00196","0.00195","14.62","14.53","28.3","5.9 m -   13 m","0"
"(2008 JL24)","2008-May-10 01:20 ± < 00:01","0.00115","0.00115","3.52","2.79","29.6","3.2 m -  7.1 m","0"
"(2008 OT7)","2008-Jul-29 07:04 ± < 00:01","0.00116","0.00116","9.75","9.51","27.1","10 m -   23 m","1"
"(2008 TN9)","2008-Oct-03 14:51 ±    03:12","0.00165","0.00161","9.09","8.91","27.8","7.3 m -   16 m","0"
"(2008 TS26)","2008-Oct-09 03:30 ±    00:03","0.00008","0.00008","15.76","13.62","33.2","0.61 m -  1.4 m","0"
"(2008 UA202)","2008-Oct-18 16:30 ±    00:26","0.00223","0.00220","2.84","2.38","29.4","3.5 m -  7.8 m","0"
"(2008 US)","2008-Oct-20 23:30 ±    00:15","0.00022","0.00020","19.15","18.51","31.4","1.4 m -  3.1 m","0"
"(2008 UM1)","2008-Oct-22 03:57 ±    00:13","0.00057","0.00022","18.14","17.88","32.1","1.0 m -  2.3 m","0"
"(2008 VM)","2008-Nov-03 22:31 ±    00:09","0.00031","0.00029","11.04","10.23","30.2","2.4 m -  5.4 m","0"
"(2009 CC2)","2009-Feb-02 16:40 ±    02:09","0.00126","0.00117","19.83","19.72","27.8","7.3 m -   16 m","1"
"(2009 EJ1)","2009-Feb-27 19:54 ±    05:53","0.00041","0.00038","11.49","10.91","28.4","5.6 m -   12 m","1"
"(2009 DD45)","2009-Mar-02 13:45 ± < 00:01","0.00048","0.00048","8.82","8.17","25.8","18 m -   41 m","3"
"(2009 EW)","2009-Mar-06 03:37 ± < 00:01","0.00227","0.00226","12.87","12.78","26.4","14 m -   31 m","1"
"(2009 FH)","2009-Mar-18 12:08 ± < 00:01","0.00057","0.00057","6.58","5.82","26.6","13 m -   28 m","2"
"(2009 FK)","2009-Mar-19 23:15 ± < 00:01","0.00251","0.00250","7.30","7.15","28.3","5.8 m -   13 m","0"
"(2009 JF1)","2009-May-05 19:39 ± < 00:01","0.00196","0.00195","24.01","23.95","27.8","7.5 m -   17 m","0"
"(2009 JL2)","2009-May-13 21:32 ± < 00:01","0.00177","0.00177","12.92","12.81","26.0","17 m -   38 m","1"
"(2009 KR21)","2009-Jun-01 10:07 ±    00:02","0.00190","0.00186","12.98","12.87","26.7","12 m -   27 m","1"
"(2009 TB)","2009-Oct-01 04:10 ±    11:46","0.00046","0.00036","15.10","14.71","29.2","3.8 m -  8.6 m","1"
"(2009 TD17)","2009-Oct-05 11:52 ±    00:30","0.00173","0.00172","6.84","6.61","27.7","7.7 m -   17 m","0"
"(2009 TU)","2009-Oct-08 23:50 ± < 00:01","0.00204","0.00204","15.26","15.17","27.3","9.2 m -   21 m","0"
"(2009 TM8)","2009-Oct-17 03:38 ± < 00:01","0.00232","0.00232","8.14","8.00","28.4","5.6 m -   12 m","0"
"(2022 UA13)","2009-Oct-26 12:48 ±    02:37","0.00074","0.00034","15.81","15.58","26.4","14 m -   32 m","2"
"(2009 VA)","2009-Nov-06 21:32 ±    02:00","0.00014","0.00011","10.30","8.20","28.6","5.1 m -   11 m","2"
"(2009 VZ39)","2009-Nov-12 18:46 ± 6_02:09","0.00174","0.00006","7.77","7.57","28.1","6.5 m -   14 m","0"
"(2009 WP6)","2009-Nov-15 14:49 ±    00:12","0.00176","0.00174","25.34","25.28","26.8","12 m -   26 m","1"
"(2009 WQ6)","2009-Nov-16 18:34 ±    00:03","0.00235","0.00234","12.42","12.33","29.2","3.8 m -  8.6 m","0"
"(2009 WJ6)","2009-Nov-20 11:09 ± < 00:01","0.00119","0.00118","18.24","18.11","27.4","8.8 m -   20 m","1"
"(2009 WV51)","2009-Nov-24 19:54 ± < 00:01","0.00101","0.00101","13.80","13.61","27.1","10 m -   23 m","1"
"(2010 AL30)","2010-Jan-13 12:47 ± < 00:01","0.00086","0.00086","9.95","9.64","27.2","9.7 m -   22 m","1"
"(2022 CJ5)","2010-Feb-10 04:22 ± 3_15:29","0.00092","0.00091","10.81","10.54","30.3","2.3 m -  5.2 m","0"
"(2010 CK19)","2010-Feb-17 07:20 ± < 00:01","0.00233","0.00233","5.30","5.08","27.9","7.0 m -   16 m","0"
"(2010 HP20)","2010-Apr-18 20:37 ±    10:15","0.00160","0.00021","10.77","10.61","27.5","8.3 m -   19 m","1"
"(2022 JM)","2010-May-10 04:04 ±    15:59","0.00101","0.00100","5.20","4.66","28.8","4.6 m -   10 m","0"
"(2010 KO10)","2010-May-23 03:55 ± < 00:01","0.00116","0.00116","11.94","11.75","27.1","10 m -   23 m","1"
"(2010 KV39)","2010-May-26 21:42 ± < 00:01","0.00167","0.00167","10.44","10.29","26.8","12 m -   26 m","1"
"(2010 RX30)","2010-Sep-08 09:51 ± < 00:01","0.00166","0.00166","10.00","9.84","27.1","10 m -   23 m","1"
"(2010 RF12)","2010-Sep-08 21:13 ± < 00:01","0.00053","0.00053","6.00","5.10","28.4","5.5 m -   12 m","1"
"(2010 RK53)","2010-Sep-08 23:58 ±    00:06","0.00048","0.00048","8.81","8.16","27.9","7.0 m -   16 m","1"
"(2010 SK13)","2010-Sep-30 15:59 ± < 00:01","0.00178","0.00177","18.63","18.55","27.4","8.8 m -   20 m","1"
"(2010 TW54)","2010-Oct-09 00:41 ±    00:01","0.00108","0.00108","8.07","7.76","27.6","8.0 m -   18 m","1"
"(2010 TN55)","2010-Oct-11 01:11 ±    00:03","0.00219","0.00218","25.39","25.34","26.9","11 m -   25 m","1"
"(2010 TD54)","2010-Oct-12 10:50 ± < 00:01","0.00035","0.00035","17.54","17.09","28.9","4.4 m -  9.9 m","1"
"(2010 UE)","2010-Oct-16 10:16 ±    00:55","0.00077","0.00073","17.33","17.12","29.6","3.2 m -  7.1 m","0"
"(2010 TE55)","2010-Oct-17 01:26 ± < 00:01","0.00245","0.00245","3.40","3.07","28.0","6.7 m -   15 m","0"
"(2010 UY7)","2010-Oct-26 17:11 ±    00:02","0.00163","0.00163","4.26","3.85","28.5","5.3 m -   12 m","0"
"(2010 UJ7)","2010-Nov-02 02:37 ± < 00:01","0.00191","0.00191","9.38","9.23","25.4","22 m -   49 m","2"
"(2010 VN1)","2010-Nov-02 18:05 ± < 00:01","0.00087","0.00086","11.28","11.01","28.3","5.8 m -   13 m","1"
"(2010 VR21)","2010-Nov-07 23:11 ±    00:02","0.00238","0.00236","14.25","14.17","29.3","3.8 m -  8.4 m","0"
"(2010 VP139)","2010-Nov-12 02:09 ± 3_19:10","0.00054","0.00006","9.38","8.83","29.2","3.8 m -  8.6 m","0"
"(2010 VC140)","2010-Nov-13 14:12 ± < 00:01","0.00194","0.00193","4.83","4.54","27.9","7.0 m -   16 m","0"
"(2010 WA)","2010-Nov-17 03:45 ± < 00:01","0.00026","0.00026","13.07","12.26","30.0","2.7 m -  5.9 m","1"
"(2010 XR)","2010-Nov-29 22:01 ±    02:50","0.00129","0.00116","19.62","19.51","26.9","11 m -   25 m","1"
"(2010 XB)","2010-Nov-30 18:05 ±    00:02","0.00035","0.00035","19.95","19.57","29.6","3.2 m -  7.1 m","1"
"(2011 AM37)","2011-Jan-11 11:49 ± < 00:01","0.00086","0.00086","4.42","3.65","29.9","2.8 m -  6.2 m","0"
"(2011 AN52)","2011-Jan-17 23:19 ± < 00:01","0.00213","0.00212","15.92","15.85","28.6","5.1 m -   11 m","0"
"(2011 BY10)","2011-Jan-20 08:29 ±    00:03","0.00238","0.00237","7.84","7.70","27.1","10 m -   23 m","0"
"(2011 BW11)","2011-Jan-25 06:34 ±    00:02","0.00086","0.00086","23.95","23.82","28.3","5.8 m -   13 m","1"
"(2011 CA4)","2011-Jan-31 04:08 ±    00:10","0.00165","0.00165","6.00","5.73","27.1","10 m -   23 m","1"
"(2011 CQ1)","2011-Feb-04 19:39 ± < 00:01","0.00008","0.00008","9.69","5.17","32.1","1.0 m -  2.3 m","0"
"(2011 CF22)","2011-Feb-06 11:40 ±    02:56","0.00027","0.00024","19.61","19.10","30.9","1.8 m -  4.0 m","0"
"(2011 CA7)","2011-Feb-09 19:28 ±    00:07","0.00069","0.00069","9.33","8.91","30.3","2.3 m -  5.2 m","0"
"(2011 DU9)","2011-Feb-23 19:03 ±    00:01","0.00192","0.00192","8.92","8.77","26.7","12 m -   27 m","1"
"(2011 EN11)","2011-Mar-03 08:47 ±    00:02","0.00166","0.00166","11.21","11.06","27.9","7.0 m -   16 m","0"
"(2011 EY11)","2011-Mar-07 03:27 ± < 00:01","0.00088","0.00088","11.86","11.60","28.5","5.3 m -   12 m","0"
"(2011 EM40)","2011-Mar-08 04:06 ±    00:02","0.00162","0.00161","10.79","10.64","28.0","6.7 m -   15 m","0"
"(2011 EB74)","2011-Mar-16 21:50 ±    03:16","0.00219","0.00149","7.69","7.53","26.9","11 m -   25 m","1"
"(2011 GW9)","2011-Apr-06 04:54 ± < 00:01","0.00133","0.00133","11.36","11.18","28.1","6.4 m -   14 m","0"
"(2011 GP28)","2011-Apr-06 19:38 ±    00:15","0.00064","0.00063","14.81","14.53","29.4","3.5 m -  7.8 m","0"
"(2011 JV10)","2011-May-05 17:14 ±    00:03","0.00232","0.00231","5.34","5.12","29.7","3.1 m -  6.8 m","0"
"(2009 BD)","2011-Jun-02 00:52 ± < 00:01","0.00231","0.00231","1.91","1.15","28.1","6.4 m -   14 m","0"
"(2011 MD)","2011-Jun-27 17:01 ± < 00:01","0.00012","0.00012","6.70","1.48","28.0","6.7 m -   15 m","2"
"(2011 PU1)","2011-Jul-24 19:30 ± < 00:01","0.00224","0.00224","5.60","5.39","25.6","20 m -   45 m","1"
"(2011 OD18)","2011-Jul-28 08:38 ±    00:03","0.00115","0.00114","9.54","9.29","26.5","13 m -   30 m","1"
"(2011 SE58)","2011-Sep-27 02:47 ± < 00:01","0.00159","0.00158","15.84","15.73","27.8","7.3 m -   16 m","0"
"(2011 TO)","2011-Sep-28 15:26 ±    00:03","0.00086","0.00086","8.86","8.51","26.6","13 m -   29 m","2"
"(2011 SM173)","2011-Sep-30 17:03 ± < 00:01","0.00194","0.00194","12.71","12.60","27.8","7.3 m -   16 m","0"
"(2011 UT)","2011-Oct-12 19:15 ±    00:04","0.00152","0.00151","10.17","10.00","25.8","18 m -   41 m","2"
"(2009 TM8)","2011-Oct-17 11:19 ± 1_17:47","0.00226","0.00119","8.18","8.03","28.4","5.6 m -   12 m","0"
"(2011 UL169)","2011-Oct-26 02:32 ± < 00:01","0.00177","0.00177","9.54","9.38","28.3","5.9 m -   13 m","0"
"(2011 UX255)","2011-Oct-28 17:44 ±    00:05","0.00093","0.00092","27.03","26.92","27.4","8.8 m -   20 m","1"
"308635 (2005 YU55)","2011-Nov-08 23:29 ± < 00:01","0.00217","0.00217","13.72","13.63","21.9","0.4 km","3"
"(2011 XC2)","2011-Dec-03 15:21 ±    00:05","0.00232","0.00231","20.93","20.87","23.2","61 m -  140 m","3"
"(2011 YC40)","2011-Dec-28 02:31 ±    00:15","0.00071","0.00071","11.37","11.04","29.6","3.1 m -  7.0 m","0"
"(2012 AQ)","2011-Dec-29 08:32 ±    00:02","0.00180","0.00179","3.28","2.79","30.7","1.9 m -  4.3 m","0"
"(2011 YC63)","2011-Dec-30 02:16 ±    00:07","0.00161","0.00160","18.80","18.71","29.0","4.2 m -  9.4 m","0"
"(2011 YB63)","2012-Jan-02 10:15 ±    00:04","0.00156","0.00156","8.53","8.33","29.8","2.9 m -  6.5 m","0"
"(2012 BV1)","2012-Jan-20 07:14 ±    00:01","0.00213","0.00212","8.66","8.51","31.0","1.7 m -  3.8 m","0"
"(2012 BX34)","2012-Jan-27 15:25 ± < 00:01","0.00044","0.00044","9.99","9.36","27.6","8.0 m -   18 m","2"
"(2012 DY13)","2012-Feb-20 22:43 ± < 00:01","0.00073","0.00073","17.20","16.99","27.8","7.3 m -   16 m","1"
"(2012 EZ1)","2012-Mar-01 10:36 ±    00:02","0.00155","0.00153","13.78","13.65","28.8","4.6 m -   10 m","0"
"(2012 FP35)","2012-Mar-26 05:51 ± < 00:01","0.00107","0.00107","14.18","14.01","27.9","7.0 m -   16 m","1"
"(2012 FS35)","2012-Mar-26 17:09 ± < 00:01","0.00043","0.00043","4.83","3.31","30.2","2.4 m -  5.4 m","0"
"(2012 EG5)","2012-Apr-01 09:33 ± < 00:01","0.00154","0.00154","8.54","8.34","24.3","37 m -   82 m","3"
"(2012 HM13)","2012-Apr-19 11:41 ± < 00:01","0.00188","0.00187","13.05","12.94","28.2","6.1 m -   14 m","0"
"(2012 JU)","2012-May-13 13:20 ± < 00:01","0.00136","0.00135","13.38","13.23","28.3","5.8 m -   13 m","0"
"(2012 KA)","2012-May-17 18:24 ± < 00:01","0.00150","0.00150","14.50","14.37","28.6","5.2 m -   12 m","0"
"(2010 KK37)","2012-May-19 22:45 ± 4_06:55","0.00148","0.00039","11.17","11.01","25.7","19 m -   43 m","2"
"(2012 KP24)","2012-May-28 15:21 ± < 00:01","0.00038","0.00038","13.27","12.73","26.4","14 m -   30 m","2"
"(2012 KT42)","2012-May-29 07:07 ± < 00:01","0.00014","0.00014","17.04","15.87","29.0","4.2 m -  9.4 m","2"
"(2012 MF7)","2012-Jun-21 02:42 ±    00:01","0.00212","0.00211","8.81","8.66","26.9","11 m -   25 m","1"
"(2012 TV)","2012-Oct-07 15:05 ± < 00:01","0.00170","0.00170","16.79","16.70","25.2","24 m -   53 m","2"
"(2012 TM79)","2012-Oct-09 17:05 ± < 00:01","0.00062","0.00061","9.86","9.41","26.6","13 m -   28 m","2"
"(2012 TC4)","2012-Oct-12 05:30 ± < 00:01","0.00063","0.00063","7.12","6.51","26.7","12 m -   27 m","2"
"(2012 VH77)","2012-Nov-12 20:59 ± < 00:01","0.00133","0.00133","11.28","11.10","27.3","9.2 m -   21 m","1"
"(2012 VJ38)","2012-Nov-14 01:52 ± < 00:01","0.00151","0.00151","4.89","4.51","28.5","5.3 m -   12 m","0"
"(2012 XE54)","2012-Dec-11 10:05 ± < 00:01","0.00150","0.00150","13.27","13.14","25.4","22 m -   49 m","2"
"(2012 XB112)","2012-Dec-14 15:06 ± < 00:01","0.00212","0.00212","4.44","4.14","29.9","0.0025±0.0005 km","0"
"(2012 XL134)","2012-Dec-15 15:43 ± < 00:01","0.00184","0.00183","10.05","9.90","27.8","7.3 m -   16 m","0"
"(2013 BR27)","2013-Jan-15 23:31 ±    00:05","0.00146","0.00145","11.16","11.00","27.8","7.3 m -   16 m","0"
"(2013 CY)","2013-Jan-28 06:09 ± < 00:01","0.00230","0.00230","2.93","2.51","28.2","6.1 m -   14 m","0"
"(2013 CY32)","2013-Feb-05 15:53 ±    00:02","0.00070","0.00070","32.20","32.09","28.1","6.4 m -   14 m","1"
"(2013 CL129)","2013-Feb-11 12:47 ±    00:24","0.00186","0.00185","6.07","5.83","28.4","5.6 m -   12 m","0"
"367943 Duende (2012 DA14)","2013-Feb-15 19:26 ± < 00:01","0.00023","0.00023","7.82","6.14","24.2","39 m -   86 m","4"
"(2013 EC)","2013-Mar-04 07:37 ± < 00:01","0.00246","0.00245","20.19","20.13","27.8","7.3 m -   16 m","0"
"(2013 EC20)","2013-Mar-09 02:41 ± < 00:01","0.00100","0.00100","3.57","2.73","29.0","4.2 m -  9.4 m","0"
"(2013 HT25)","2013-Apr-18 13:48 ±    00:06","0.00036","0.00036","29.82","29.57","28.9","4.5 m -   10 m","1"
"(2013 LR6)","2013-Jun-08 04:42 ± < 00:01","0.00074","0.00074","9.88","9.51","27.8","7.3 m -   16 m","1"
"(2013 PJ10)","2013-Aug-04 02:18 ± < 00:01","0.00248","0.00248","6.94","6.79","24.6","32 m -   71 m","2"
"(2013 PS13)","2013-Aug-09 05:21 ± < 00:01","0.00137","0.00137","17.39","17.28","27.2","9.7 m -   22 m","1"
"(2013 RG)","2013-Sep-03 10:27 ± < 00:01","0.00151","0.00151","16.17","16.06","29.4","3.5 m -  7.8 m","0"
"(2013 RO30)","2013-Sep-04 09:47 ± < 00:01","0.00195","0.00194","9.41","9.26","28.4","5.6 m -   12 m","0"
"(2013 RF32)","2013-Sep-05 11:26 ±    00:28","0.00112","0.00111","19.85","19.73","28.7","4.8 m -   11 m","0"
"(2013 RZ53)","2013-Sep-18 22:51 ± < 00:01","0.00163","0.00163","2.18","1.22","31.1","1.6 m -  3.6 m","0"
"(2013 TR12)","2013-Oct-04 09:52 ± < 00:01","0.00143","0.00143","14.50","14.37","28.6","5.1 m -   11 m","0"
"(2013 TL127)","2013-Oct-09 02:25 ±    00:02","0.00252","0.00251","13.99","13.92","26.7","12 m -   27 m","1"
"(2013 UR1)","2013-Oct-21 22:05 ± < 00:01","0.00168","0.00167","21.85","21.78","27.9","7.0 m -   16 m","0"
"(2013 UX2)","2013-Oct-25 15:29 ± < 00:01","0.00100","0.00100","4.37","3.72","29.2","3.8 m -  8.6 m","0"
"(2013 UV3)","2013-Oct-29 21:49 ± < 00:01","0.00189","0.00189","16.69","16.60","26.8","12 m -   26 m","1"
"(2013 VJ11)","2013-Nov-08 16:14 ± < 00:01","0.00228","0.00228","9.27","9.14","27.9","7.0 m -   16 m","0"
"(2013 WH25)","2013-Nov-29 00:46 ±    00:08","0.00089","0.00087","21.05","20.90","29.6","3.2 m -  7.1 m","0"
"(2013 XS21)","2013-Dec-11 23:26 ± < 00:01","0.00048","0.00048","8.26","7.57","29.4","3.5 m -  7.8 m","0"
"(2013 YB)","2013-Dec-23 12:51 ±    00:01","0.00018","0.00017","10.50","8.99","31.4","1.4 m -  3.1 m","0"
"(2014 AF5)","2014-Jan-01 16:13 ±    00:01","0.00064","0.00064","14.62","14.33","28.8","4.6 m -   10 m","0"
"(2014 AK51)","2014-Jan-08 09:09 ± < 00:01","0.00247","0.00246","9.27","9.16","26.6","13 m -   28 m","1"
"(2014 AG51)","2014-Jan-09 07:54 ±    00:02","0.00088","0.00087","15.04","14.83","29.9","2.8 m -  6.2 m","0"
"(2014 AW32)","2014-Jan-10 21:40 ± < 00:01","0.00125","0.00125","12.37","12.19","27.5","8.4 m -   19 m","1"
"(2022 BN2)","2014-Jan-28 23:05 ± 1_03:45","0.00167","0.00002","9.13","8.96","29.8","3.0 m -  6.6 m","0"
"(2014 DK10)","2014-Feb-21 11:27 ± < 00:01","0.00174","0.00174","12.02","11.89","27.7","7.7 m -   17 m","0"
"(2014 DX110)","2014-Mar-05 21:00 ± < 00:01","0.00233","0.00233","14.84","14.77","25.7","19 m -   43 m","1"
"(2014 EF)","2014-Mar-06 03:20 ± < 00:01","0.00113","0.00113","15.09","14.93","28.9","4.4 m -  9.9 m","0"
"(2014 EC)","2014-Mar-06 21:18 ± < 00:01","0.00041","0.00041","16.01","15.60","28.2","6.1 m -   14 m","1"
"(2014 EX24)","2014-Mar-09 14:35 ±    00:04","0.00176","0.00175","16.20","16.10","28.6","5.1 m -   11 m","0"
"(2014 GY44)","2014-Mar-30 00:26 ± < 00:01","0.00112","0.00112","12.50","12.31","25.4","22 m -   49 m","2"
"(2014 GC49)","2014-Apr-03 02:59 ±    00:05","0.00076","0.00076","17.08","16.87","28.6","5.1 m -   11 m","0"
"(2014 HL129)","2014-May-03 08:14 ± < 00:01","0.00195","0.00195","6.37","6.15","28.3","5.8 m -   13 m","0"
"(2014 JR24)","2014-May-07 10:45 ± < 00:01","0.00071","0.00071","4.63","3.74","29.3","3.7 m -  8.2 m","0"
"(2014 JG55)","2014-May-10 20:18 ± < 00:01","0.00068","0.00067","10.46","10.07","29.2","3.8 m -  8.6 m","0"
"(2014 KW76)","2014-May-26 23:29 ± < 00:01","0.00230","0.00229","15.13","15.05","27.9","7.0 m -   16 m","0"
"(2014 KC45)","2014-May-28 08:10 ± < 00:01","0.00059","0.00059","9.42","8.92","29.3","3.7 m -  8.2 m","0"
"(2014 LN17)","2014-Jun-03 12:56 ±    00:04","0.00143","0.00141","24.67","24.60","27.0","11 m -   24 m","1"
"(2014 LY21)","2014-Jun-03 17:38 ± 3_08:16","0.00013","0.00006","13.31","11.72","29.1","4.0 m -  9.0 m","2"
"(2014 MH6)","2014-Jun-22 14:05 ±    00:02","0.00165","0.00164","16.20","16.10","27.1","10 m -   23 m","1"
"(2014 OP2)","2014-Jul-24 08:35 ± < 00:01","0.00133","0.00133","11.67","11.50","29.1","4.0 m -  9.0 m","0"
"(2014 OM207)","2014-Jul-25 06:39 ± < 00:01","0.00180","0.00179","8.43","8.26","29.1","4.0 m -  9.0 m","0"
"(2014 RA)","2014-Aug-31 23:48 ± < 00:01","0.00038","0.00038","13.25","12.71","28.9","4.4 m -  9.9 m","1"
"(2014 RC)","2014-Sep-07 18:02 ± < 00:01","0.00027","0.00027","10.95","10.00","26.8","12 m -   26 m","3"
"(2014 SG1)","2014-Sep-20 14:48 ± < 00:01","0.00053","0.00053","13.87","13.51","29.1","4.0 m -  9.0 m","0"
"(2014 TL)","2014-Oct-01 15:59 ± < 00:01","0.00066","0.00066","11.12","10.75","27.8","7.3 m -   16 m","1"
"(2016 UD)","2014-Oct-18 13:27 ± 7_14:22","0.00033","0.00019","22.49","22.13","26.6","13 m -   28 m","2"
"(2014 UU56)","2014-Oct-19 11:03 ± < 00:01","0.00174","0.00174","8.39","8.21","28.6","5.1 m -   11 m","0"
"(2014 UF56)","2014-Oct-27 21:22 ± < 00:01","0.00110","0.00110","12.07","11.86","27.4","8.8 m -   20 m","1"
"(2014 WE6)","2014-Nov-13 18:06 ±    00:02","0.00147","0.00147","4.79","4.39","30.4","2.2 m -  4.9 m","0"
"(2014 WJ6)","2014-Nov-15 16:12 ±    00:01","0.00223","0.00222","14.65","14.56","27.1","10 m -   23 m","1"
"(2014 WX202)","2014-Dec-07 20:09 ± < 00:01","0.00251","0.00251","1.67","0.81","29.6","3.2 m -  7.1 m","0"
"(2014 YR14)","2014-Dec-26 09:52 ± < 00:01","0.00234","0.00234","15.14","15.06","26.1","16 m -   36 m","1"
"(2015 AQ43)","2015-Jan-14 13:20 ± < 00:01","0.00105","0.00105","12.51","12.30","28.0","6.7 m -   15 m","1"
"(2015 BP513)","2015-Jan-18 17:09 ± < 00:01","0.00160","0.00160","7.75","7.54","26.7","12 m -   27 m","1"
"(2015 BE511)","2015-Jan-20 13:06 ± < 00:01","0.00108","0.00108","9.46","9.20","28.6","5.1 m -   11 m","0"
"(2015 CH13)","2015-Feb-11 06:17 ± < 00:01","0.00189","0.00188","15.29","15.20","28.6","5.1 m -   11 m","0"
"(2015 DD1)","2015-Feb-17 07:38 ± < 00:01","0.00026","0.00026","8.20","6.85","30.4","2.2 m -  4.9 m","0"
"(2015 DQ224)","2015-Feb-18 01:21 ±    03:55","0.00072","0.00068","15.02","14.77","29.3","3.7 m -  8.2 m","0"
"(2015 ET)","2015-Mar-10 16:42 ± < 00:01","0.00084","0.00083","12.38","12.12","26.7","12 m -   27 m","2"
"(2015 EO6)","2015-Mar-12 00:31 ± < 00:01","0.00073","0.00073","23.82","23.67","30.2","2.4 m -  5.4 m","0"
"(2015 FU344)","2015-Mar-16 05:50 ±    00:02","0.00255","0.00253","10.01","9.90","31.0","1.7 m -  3.8 m","0"
"(2015 FM118)","2015-Mar-28 02:49 ± < 00:01","0.00238","0.00237","8.83","8.70","28.7","4.8 m -   11 m","0"
"(2015 GU)","2015-Apr-12 05:36 ± < 00:01","0.00074","0.00074","11.66","11.34","28.4","5.6 m -   12 m","1"
"(2015 HG182)","2015-Apr-14 19:16 ± < 00:01","0.00220","0.00220","17.86","17.79","28.7","4.8 m -   11 m","0"
"(2015 GL13)","2015-Apr-16 07:53 ± < 00:01","0.00124","0.00124","13.97","13.81","28.8","4.6 m -   10 m","0"
"(2015 HD1)","2015-Apr-21 08:17 ± < 00:01","0.00040","0.00039","15.97","15.54","27.4","8.8 m -   20 m","2"
"(2015 JF1)","2015-May-15 11:52 ± < 00:01","0.00208","0.00207","13.78","13.68","28.1","6.4 m -   14 m","0"
"(2015 KW121)","2015-May-23 18:02 ± < 00:01","0.00191","0.00190","21.07","21.00","26.1","16 m -   36 m","1"
"(2015 LF)","2015-Jun-08 23:49 ± < 00:01","0.00132","0.00131","16.76","16.64","26.6","13 m -   28 m","1"
"(2015 PK)","2015-Aug-06 03:08 ±    00:04","0.00053","0.00053","16.31","16.00","28.1","6.3 m -   14 m","1"
"(2015 SK7)","2015-Sep-22 21:44 ±    00:03","0.00018","0.00018","13.71","12.57","28.9","4.4 m -  9.9 m","2"
"(2015 TC25)","2015-Oct-13 07:32 ± < 00:01","0.00074","0.00074","4.43","3.53","29.3","3.6 m -  8.1 m","0"
"(2015 UM52)","2015-Oct-22 19:19 ± < 00:01","0.00087","0.00087","7.88","7.48","27.8","7.3 m -   16 m","1"
"(2015 VP64)","2015-Nov-05 09:15 ±    00:03","0.00187","0.00187","20.46","20.39","28.3","5.8 m -   13 m","0"
"(2015 VU64)","2015-Nov-06 23:09 ± < 00:01","0.00067","0.00067","4.48","3.48","30.6","2.0 m -  4.5 m","0"
"(2015 VY105)","2015-Nov-15 02:40 ± < 00:01","0.00023","0.00023","17.42","16.75","29.0","4.2 m -  9.4 m","1"
"(2015 WP2)","2015-Nov-20 01:43 ± < 00:01","0.00154","0.00153","12.84","12.70","30.1","2.5 m -  5.7 m","0"
"(2015 YJ)","2015-Dec-13 21:18 ±    00:06","0.00048","0.00047","16.72","16.38","28.2","6.1 m -   14 m","1"
"(2015 XY261)","2015-Dec-15 13:52 ± < 00:01","0.00193","0.00193","11.92","11.81","27.2","9.7 m -   22 m","1"
"(2016 AQ164)","2016-Jan-10 14:15 ±    00:02","0.00070","0.00069","14.15","13.88","29.8","2.9 m -  6.5 m","0"
"(2016 AH164)","2016-Jan-12 03:35 ±    00:01","0.00018","0.00018","8.63","6.67","29.7","3.1 m -  6.8 m","1"
"(2016 AN165)","2016-Jan-13 14:45 ± < 00:01","0.00120","0.00120","10.98","10.78","27.7","7.7 m -   17 m","1"
"(2016 AN164)","2016-Jan-14 14:55 ± < 00:01","0.00025","0.00025","13.18","12.34","30.4","2.2 m -  4.9 m","0"
"(2016 CG18)","2016-Feb-06 13:30 ± < 00:01","0.00101","0.00101","4.88","4.31","28.5","5.3 m -   12 m","0"
"(2016 CW264)","2016-Feb-10 11:38 ±    00:02","0.00141","0.00140","24.48","24.41","29.8","2.9 m -  6.5 m","0"
"(2016 CM194)","2016-Feb-13 07:48 ± < 00:01","0.00052","0.00052","12.00","11.57","27.7","7.7 m -   17 m","1"
"(2016 DB)","2016-Feb-15 04:50 ±    00:01","0.00083","0.00083","9.45","9.10","28.5","5.3 m -   12 m","0"
"(2016 DY30)","2016-Feb-25 19:59 ±    00:06","0.00010","0.00009","17.34","15.65","30.5","2.1 m -  4.7 m","1"
"(2016 DK2)","2016-Feb-26 07:19 ± < 00:01","0.00212","0.00211","18.73","18.67","28.9","4.4 m -  9.9 m","0"
"(2016 DA31)","2016-Feb-29 15:56 ±    00:02","0.00134","0.00133","13.88","13.73","29.9","2.8 m -  6.2 m","0"
"(2016 EK1)","2016-Mar-03 18:06 ± < 00:01","0.00135","0.00135","18.49","18.38","29.1","4.0 m -  9.0 m","0"
"(2016 EL1)","2016-Mar-04 11:54 ± < 00:01","0.00154","0.00154","20.13","20.04","27.8","7.3 m -   16 m","0"
"(2016 EV28)","2016-Mar-08 05:06 ± < 00:01","0.00103","0.00103","25.64","25.53","28.5","5.4 m -   12 m","0"
"(2016 EN157)","2016-Mar-10 02:47 ± < 00:01","0.00216","0.00215","12.56","12.46","28.0","6.7 m -   15 m","0"
"(2016 EF195)","2016-Mar-11 04:57 ±    00:03","0.00021","0.00021","10.09","8.75","25.5","21 m -   47 m","4"
"(2016 FC1)","2016-Mar-14 14:27 ±    00:02","0.00112","0.00112","16.19","16.04","29.1","4.0 m -  9.0 m","0"
"(2018 SC)","2016-Mar-15 09:25 ± 1_00:37","0.00053","0.00049","14.30","13.95","28.0","6.7 m -   15 m","1"
"(2016 FZ13)","2016-Mar-23 03:54 ±    00:02","0.00252","0.00251","4.50","4.26","28.3","5.8 m -   13 m","0"
"(2016 FU6)","2016-Mar-25 19:19 ±    00:04","0.00120","0.00119","10.27","10.05","28.9","4.4 m -  9.9 m","0"
"(2016 FE15)","2016-Mar-28 14:18 ± < 00:01","0.00180","0.00180","12.28","12.16","28.8","4.6 m -   10 m","0"
"(2016 GS134)","2016-Apr-01 05:56 ± < 00:01","0.00133","0.00133","11.24","11.06","27.7","7.7 m -   17 m","1"
"(2016 GN134)","2016-Apr-04 13:52 ± < 00:01","0.00038","0.00038","13.90","13.39","30.3","2.3 m -  5.1 m","0"
"(2016 FW13)","2016-Apr-05 02:21 ± < 00:01","0.00210","0.00210","10.46","10.34","29.5","3.3 m -  7.5 m","0"
"(2016 GO206)","2016-Apr-06 20:01 ±    00:06","0.00220","0.00220","22.53","22.48","26.3","15 m -   33 m","1"
"(2016 GO134)","2016-Apr-08 19:39 ±    00:03","0.00222","0.00221","15.19","15.12","27.6","8.0 m -   18 m","0"
"(2016 JS5)","2016-May-05 22:47 ± < 00:01","0.00136","0.00135","16.08","15.95","30.7","1.9 m -  4.3 m","0"
"(2016 LR51)","2016-Jun-05 04:31 ±    00:03","0.00235","0.00233","11.49","11.39","27.4","8.8 m -   20 m","0"
"(2016 LT1)","2016-Jun-07 20:25 ± < 00:01","0.00097","0.00097","7.48","7.10","29.0","4.2 m -  9.4 m","0"
"(2016 LP10)","2016-Jun-09 18:32 ±    00:01","0.00048","0.00048","15.92","15.56","29.3","3.7 m -  8.2 m","0"
"(2016 NJ22)","2016-Jul-07 10:14 ± < 00:01","0.00191","0.00190","7.00","6.79","28.4","5.6 m -   12 m","0"
"(2016 NK22)","2016-Jul-11 13:15 ± < 00:01","0.00177","0.00177","7.12","6.90","29.0","4.2 m -  9.4 m","0"
"(2016 QA2)","2016-Aug-28 01:26 ± < 00:01","0.00058","0.00058","10.27","9.81","25.1","25 m -   57 m","3"
"(2016 RR1)","2016-Sep-02 16:15 ± < 00:01","0.00086","0.00086","7.22","6.78","28.0","6.7 m -   15 m","1"
"(2016 RS1)","2016-Sep-03 00:30 ±    00:01","0.00127","0.00127","7.11","6.81","29.2","3.8 m -  8.6 m","0"
"(2016 RB1)","2016-Sep-07 17:20 ± < 00:01","0.00027","0.00027","8.13","6.81","28.3","5.8 m -   13 m","2"
"(2016 RN41)","2016-Sep-11 14:56 ±    00:02","0.00016","0.00015","11.72","10.19","31.0","1.7 m -  3.7 m","0"
"(2016 SJ)","2016-Sep-21 18:28 ± < 00:01","0.00100","0.00100","13.70","13.51","29.0","4.2 m -  9.4 m","0"
"(2016 SU2)","2016-Sep-24 19:07 ± < 00:01","0.00235","0.00234","12.87","12.78","27.6","8.0 m -   18 m","0"
"(2016 SA2)","2016-Sep-25 07:12 ± < 00:01","0.00205","0.00205","5.47","5.23","28.1","6.3 m -   14 m","0"
"(2016 TD)","2016-Sep-30 17:15 ± < 00:01","0.00151","0.00151","13.81","13.69","28.1","6.4 m -   14 m","0"
"(2016 TH)","2016-Oct-03 16:31 ± < 00:01","0.00086","0.00086","7.80","7.39","29.4","3.5 m -  7.8 m","0"
"(2016 TG94)","2016-Oct-08 01:33 ±    00:02","0.00145","0.00144","8.99","8.79","29.7","3.1 m -  7.0 m","0"
"(2016 TS54)","2016-Oct-10 04:22 ±    00:03","0.00050","0.00050","16.93","16.62","27.8","7.3 m -   16 m","1"
"(2016 TB19)","2016-Oct-11 19:13 ± < 00:01","0.00212","0.00211","13.12","13.02","29.1","4.0 m -  9.0 m","0"
"(2016 UD)","2016-Oct-17 23:32 ±    00:14","0.00048","0.00048","22.36","22.12","26.6","13 m -   28 m","2"
"(2016 VA)","2016-Nov-02 00:42 ± < 00:01","0.00063","0.00063","21.24","21.04","27.6","8.0 m -   18 m","1"
"(2016 VB1)","2016-Nov-07 15:57 ± < 00:01","0.00179","0.00179","5.72","5.46","28.6","5.1 m -   11 m","0"
"(2016 VF18)","2016-Nov-10 11:36 ±    01:06","0.00047","0.00042","13.73","13.31","29.9","2.8 m -  6.3 m","0"
"(2016 WT)","2016-Nov-17 06:54 ± < 00:01","0.00129","0.00129","10.95","10.76","29.8","2.9 m -  6.5 m","0"
"(2016 WT3)","2016-Nov-21 12:55 ±    00:01","0.00243","0.00242","14.53","14.45","28.6","5.1 m -   11 m","0"
"(2016 WW2)","2016-Nov-25 02:46 ± < 00:01","0.00089","0.00089","9.87","9.56","29.0","4.1 m -  9.2 m","0"
"(2016 XL23)","2016-Nov-30 12:54 ±    00:03","0.00058","0.00058","10.60","10.16","29.3","3.7 m -  8.3 m","0"
"(2017 AG13)","2017-Jan-09 12:50 ± < 00:01","0.00139","0.00139","15.70","15.58","26.1","16 m -   36 m","2"
"(2017 BX)","2017-Jan-25 04:54 ± < 00:01","0.00178","0.00178","7.44","7.23","28.0","6.7 m -   15 m","0"
"(2017 BH30)","2017-Jan-30 04:51 ± < 00:01","0.00035","0.00035","15.46","14.96","28.8","4.6 m -   10 m","1"
"(2017 BS32)","2017-Feb-02 20:24 ± < 00:01","0.00109","0.00109","11.57","11.36","27.6","8.1 m -   18 m","1"
"(2017 DG16)","2017-Feb-23 21:08 ± < 00:01","0.00092","0.00092","6.91","6.48","29.3","3.7 m -  8.2 m","0"
"(2017 DR34)","2017-Feb-25 04:52 ± < 00:01","0.00149","0.00149","11.41","11.25","29.2","3.8 m -  8.6 m","0"
"(2017 EA)","2017-Mar-02 14:05 ± < 00:01","0.00014","0.00014","18.42","17.35","30.8","1.8 m -  4.1 m","0"
"(2017 DS109)","2017-Mar-05 14:29 ± < 00:01","0.00236","0.00236","11.38","11.28","26.1","16 m -   37 m","1"
"(2017 FW158)","2017-Mar-17 14:08 ±    00:12","0.00082","0.00081","15.41","15.19","28.4","5.6 m -   13 m","1"
"(2017 FD3)","2017-Mar-17 14:28 ± < 00:01","0.00120","0.00120","11.58","11.38","27.7","7.7 m -   17 m","1"
"(2017 FS)","2017-Mar-19 03:33 ± < 00:01","0.00073","0.00073","20.06","19.88","28.9","4.4 m -  9.9 m","0"
"(2017 FX158)","2017-Mar-20 02:16 ± < 00:01","0.00182","0.00181","8.72","8.55","29.0","4.3 m -  9.5 m","0"
"(2017 FN1)","2017-Mar-20 21:02 ± < 00:01","0.00042","0.00042","18.26","17.91","30.6","2.0 m -  4.5 m","0"
"(2017 FM1)","2017-Mar-20 22:38 ± < 00:01","0.00086","0.00085","10.42","10.12","29.5","3.3 m -  7.5 m","0"
"(2017 FJ101)","2017-Mar-30 07:51 ± < 00:01","0.00217","0.00217","11.30","11.20","28.3","5.8 m -   13 m","0"
"(2017 FU102)","2017-Apr-02 20:18 ± < 00:01","0.00146","0.00146","7.53","7.29","28.7","4.8 m -   11 m","0"
"(2017 GM)","2017-Apr-04 10:32 ± < 00:01","0.00011","0.00011","18.50","17.12","29.9","2.8 m -  6.2 m","1"
"(2017 HJ)","2017-Apr-16 05:43 ± < 00:01","0.00091","0.00091","15.04","14.84","27.5","8.3 m -   19 m","1"
"(2017 HG49)","2017-Apr-21 04:33 ±    00:15","0.00238","0.00236","13.78","13.70","27.5","8.4 m -   19 m","0"
"(2017 HG4)","2017-Apr-22 06:24 ± < 00:01","0.00156","0.00156","4.02","3.57","27.7","7.7 m -   17 m","0"
"(2017 HV2)","2017-Apr-23 22:04 ± < 00:01","0.00084","0.00084","9.58","9.24","28.9","4.4 m -  9.9 m","0"
"(2017 JA)","2017-May-02 07:24 ± < 00:01","0.00067","0.00067","16.03","15.77","29.1","4.0 m -  9.0 m","0"
"(2017 JQ1)","2017-May-04 01:16 ± < 00:01","0.00114","0.00113","11.24","11.03","29.3","3.7 m -  8.2 m","0"
"(2017 JB2)","2017-May-04 03:18 ± < 00:01","0.00037","0.00037","4.78","2.92","29.2","3.8 m -  8.6 m","1"
"(2017 OO1)","2017-Jul-21 03:32 ± < 00:01","0.00085","0.00085","10.37","10.06","24.5","33 m -   75 m","3"
"(2017 QP1)","2017-Aug-14 21:23 ±    00:18","0.00042","0.00040","23.96","23.70","24.3","37 m -   83 m","4"
"(2017 QN2)","2017-Aug-20 21:56 ± < 00:01","0.00145","0.00144","15.29","15.17","28.3","5.8 m -   13 m","0"
"(2019 DP)","2017-Aug-29 20:36 ± < 00:01","0.00041","0.00041","9.50","8.79","25.1","26 m -   58 m","3"
"(2017 QB35)","2017-Sep-03 08:41 ± < 00:01","0.00238","0.00238","4.13","3.85","29.3","3.7 m -  8.2 m","0"
"(2017 SQ2)","2017-Sep-14 16:14 ± < 00:01","0.00133","0.00133","10.06","9.86","25.8","18 m -   41 m","2"
"(2020 CD3)","2017-Sep-18 06:00 ± < 00:01","0.00134","0.00134","1.89","-NaN","31.7","1.2 m -  2.7 m","0"
"(2017 SM2)","2017-Sep-20 07:34 ± < 00:01","0.00207","0.00207","8.50","8.34","27.3","9.2 m -   21 m","0"
"(2017 SZ32)","2017-Sep-20 15:50 ±    00:02","0.00138","0.00137","22.37","22.28","29.3","3.8 m -  8.4 m","0"
"(2017 SR2)","2017-Sep-20 20:29 ± < 00:01","0.00062","0.00062","9.99","9.55","28.6","5.1 m -   11 m","1"
"(2017 SU17)","2017-Sep-24 08:12 ± < 00:01","0.00185","0.00184","8.44","8.27","28.0","6.7 m -   15 m","0"
"(2017 SS12)","2017-Sep-24 15:32 ± < 00:01","0.00172","0.00172","10.31","10.16","27.1","10 m -   23 m","1"
"(2017 TQ2)","2017-Sep-30 12:16 ±    00:03","0.00069","0.00069","14.73","14.47","29.4","3.6 m -  7.9 m","0"
"(2017 SX17)","2017-Oct-02 10:20 ± < 00:01","0.00058","0.00058","7.31","6.66","28.3","5.8 m -   13 m","1"
"(2017 TF5)","2017-Oct-10 07:44 ±    00:10","0.00188","0.00186","22.80","22.73","25.5","21 m -   47 m","2"
"(2012 TC4)","2017-Oct-12 05:42 ± < 00:01","0.00034","0.00034","7.65","6.52","26.7","12 m -   27 m","2"
"(2017 UF)","2017-Oct-15 03:23 ± < 00:01","0.00255","0.00254","23.07","23.03","27.9","7.0 m -   16 m","0"
"(2017 TH5)","2017-Oct-16 17:16 ± < 00:01","0.00067","0.00067","12.06","11.72","28.4","5.6 m -   12 m","1"
"(2017 UR2)","2017-Oct-17 16:32 ±    00:01","0.00213","0.00213","10.84","10.73","27.7","7.7 m -   17 m","0"
"(2017 TD6)","2017-Oct-19 18:53 ± < 00:01","0.00128","0.00128","9.21","8.98","27.2","9.7 m -   22 m","1"
"(2017 UJ2)","2017-Oct-20 14:07 ±    00:01","0.00012","0.00012","8.48","5.24","30.9","1.8 m -  3.9 m","1"
"(2017 UA52)","2017-Oct-21 07:23 ±    00:06","0.00131","0.00131","9.35","9.13","28.5","5.3 m -   12 m","0"
"(2017 UL6)","2017-Oct-28 11:24 ±    00:02","0.00040","0.00040","8.03","7.14","32.0","1.1 m -  2.4 m","0"
"(2017 UK8)","2017-Oct-30 05:18 ± < 00:01","0.00151","0.00151","14.07","13.95","28.2","6.1 m -   14 m","0"
"(2017 VE)","2017-Nov-04 05:13 ± < 00:01","0.00227","0.00227","14.08","13.99","26.6","13 m -   28 m","1"
"(2017 VL2)","2017-Nov-09 09:50 ± < 00:01","0.00079","0.00079","8.73","8.34","26.1","16 m -   36 m","2"
"(2017 VF14)","2017-Nov-13 15:30 ± < 00:01","0.00205","0.00204","11.92","11.81","28.5","5.3 m -   12 m","0"
"(2017 WW1)","2017-Nov-21 19:18 ± < 00:01","0.00094","0.00094","12.66","12.44","29.7","3.1 m -  6.8 m","0"
"(2017 WA14)","2017-Nov-21 19:53 ± < 00:01","0.00063","0.00063","16.39","16.13","27.4","8.8 m -   20 m","1"
"(2017 WE30)","2017-Nov-26 17:55 ±    00:03","0.00020","0.00020","18.49","17.76","31.8","1.2 m -  2.6 m","0"
"(2020 CD3)","2017-Dec-06 09:22 ± < 00:01","0.00166","0.00166","1.67","-NaN","31.7","1.2 m -  2.7 m","0"
"(2017 YZ4)","2017-Dec-28 15:50 ± < 00:01","0.00149","0.00149","9.57","9.38","28.1","6.4 m -   14 m","0"
"(2017 YE7)","2017-Dec-30 17:47 ± < 00:01","0.00206","0.00204","20.19","20.13","28.5","5.3 m -   12 m","0"
"(2018 AH)","2018-Jan-02 04:25 ± < 00:01","0.00199","0.00199","13.75","13.66","22.7","77 m -  170 m","3"
"(2018 BW)","2018-Jan-15 15:13 ±    00:04","0.00112","0.00111","6.87","6.51","28.1","6.4 m -   14 m","0"
"(2018 BR1)","2018-Jan-16 13:22 ± < 00:01","0.00088","0.00088","8.86","8.51","29.5","3.3 m -  7.5 m","0"
"(2018 BD)","2018-Jan-18 15:43 ± < 00:01","0.00026","0.00026","10.00","8.92","30.1","2.5 m -  5.7 m","0"
"(2018 BF3)","2018-Jan-19 03:00 ± < 00:01","0.00162","0.00162","13.47","13.34","26.0","17 m -   38 m","2"
"(2018 BC)","2018-Jan-19 20:23 ± < 00:01","0.00189","0.00189","2.67","2.07","29.4","3.5 m -  7.8 m","0"
"(2018 BX)","2018-Jan-19 23:00 ± < 00:01","0.00188","0.00187","5.85","5.60","29.1","4.0 m -  9.0 m","0"
"(2018 BL11)","2018-Jan-20 19:55 ± < 00:01","0.00202","0.00202","11.46","11.35","28.2","6.1 m -   14 m","0"
"(2018 BN6)","2018-Jan-24 09:29 ± < 00:01","0.00242","0.00242","10.34","10.23","26.8","12 m -   26 m","1"
"(2018 CS1)","2018-Feb-04 14:50 ±    00:01","0.00230","0.00229","8.79","8.65","28.2","6.1 m -   14 m","0"
"(2018 CF2)","2018-Feb-06 19:16 ± < 00:01","0.00065","0.00065","13.54","13.24","28.0","6.7 m -   15 m","1"
"(2018 CC)","2018-Feb-06 20:12 ± < 00:01","0.00126","0.00126","10.64","10.44","26.6","13 m -   28 m","1"
"(2018 CN2)","2018-Feb-09 07:26 ± < 00:01","0.00047","0.00047","20.16","19.88","27.8","7.3 m -   16 m","1"
"(2018 CB)","2018-Feb-09 22:29 ± < 00:01","0.00047","0.00047","7.27","6.44","25.9","18 m -   39 m","3"
"(2018 CD3)","2018-Feb-15 20:03 ± < 00:01","0.00237","0.00237","7.59","7.44","28.6","5.1 m -   11 m","0"
"(2020 CD3)","2018-Feb-19 08:28 ± < 00:01","0.00149","0.00149","1.77","-NaN","31.7","1.2 m -  2.7 m","0"
"(2018 DQ)","2018-Feb-21 12:17 ±    00:06","0.00067","0.00067","21.06","20.87","29.1","4.0 m -  9.0 m","0"
"(2018 DN4)","2018-Feb-24 15:37 ±    01:34","0.00140","0.00128","18.19","18.08","28.5","5.2 m -   12 m","0"
"(2018 DU)","2018-Feb-25 18:22 ± < 00:01","0.00190","0.00190","4.60","4.28","28.3","5.8 m -   13 m","0"
"(2018 DV1)","2018-Mar-02 05:54 ±    00:07","0.00075","0.00075","6.56","6.00","28.4","5.6 m -   12 m","1"
"(2018 EZ2)","2018-Mar-14 02:41 ± < 00:01","0.00144","0.00144","9.47","9.28","26.2","15 m -   34 m","1"
"(2018 FL29)","2018-Mar-17 23:18 ±    00:20","0.00148","0.00146","12.04","11.89","30.1","2.6 m -  5.7 m","0"
"(2018 FE3)","2018-Mar-18 07:12 ± < 00:01","0.00098","0.00098","6.44","6.00","27.2","9.7 m -   22 m","1"
"(2018 FQ3)","2018-Mar-19 05:59 ± < 00:01","0.00187","0.00185","11.04","10.91","28.6","5.1 m -   11 m","0"
"(2018 FZ3)","2018-Mar-23 16:19 ± < 00:01","0.00129","0.00128","14.11","13.96","27.6","8.1 m -   18 m","1"
"(2018 FK5)","2018-Mar-30 13:28 ± < 00:01","0.00100","0.00100","11.50","11.26","28.3","5.8 m -   13 m","0"
"(2018 GR11)","2018-Apr-07 07:52 ±    02:12","0.00177","0.00173","9.90","9.74","28.5","5.3 m -   12 m","0"
"(2018 GY3)","2018-Apr-10 04:23 ±    00:02","0.00201","0.00201","11.27","11.15","27.6","8.0 m -   18 m","0"
"(2018 GD2)","2018-Apr-12 16:42 ± < 00:01","0.00201","0.00200","7.78","7.61","29.5","3.3 m -  7.5 m","0"
"(2018 GE3)","2018-Apr-15 06:41 ± < 00:01","0.00129","0.00129","29.58","29.51","23.8","46 m -  100 m","3"
"(2018 HW1)","2018-Apr-21 22:53 ± < 00:01","0.00229","0.00229","4.96","4.72","25.8","18 m -   41 m","1"
"(2018 HV)","2018-Apr-22 17:07 ± < 00:01","0.00103","0.00103","16.03","15.87","28.9","4.4 m -  9.9 m","0"
"(2020 CD3)","2018-May-09 13:48 ± < 00:01","0.00017","0.00017","5.53","-NaN","31.7","1.2 m -  2.7 m","0"
"(2010 WC9)","2018-May-15 22:05 ± < 00:01","0.00136","0.00136","12.81","12.66","23.5","53 m -  120 m","3"
"(2018 KW1)","2018-May-23 11:57 ± < 00:01","0.00100","0.00100","7.30","6.92","29.7","3.1 m -  6.8 m","0"
"(2018 KY2)","2018-May-26 05:25 ± < 00:01","0.00200","0.00200","12.18","12.07","27.2","9.7 m -   22 m","1"
"(2018 LV3)","2018-Jun-15 02:31 ± < 00:01","0.00220","0.00220","11.12","11.01","26.5","13 m -   30 m","1"
"(2018 MZ4)","2018-Jun-16 18:55 ± < 00:01","0.00139","0.00139","9.76","9.57","28.8","4.6 m -   10 m","0"
"(2018 NX)","2018-Jul-07 18:12 ± < 00:01","0.00078","0.00078","4.15","3.22","27.7","7.7 m -   17 m","1"
"(2018 NW)","2018-Jul-08 03:12 ± < 00:01","0.00083","0.00083","21.26","21.11","27.8","7.3 m -   16 m","1"
"(2020 CD3)","2018-Aug-09 12:37 ± < 00:01","0.00204","0.00204","1.48","-NaN","31.7","1.2 m -  2.7 m","0"
"(2018 PD20)","2018-Aug-10 14:34 ±    00:01","0.00022","0.00022","12.04","11.01","27.4","8.8 m -   20 m","2"
"(2018 QR1)","2018-Aug-21 21:10 ±    00:02","0.00059","0.00059","18.02","17.77","27.2","9.5 m -   21 m","2"
"(2018 RR1)","2018-Sep-03 21:59 ± < 00:01","0.00243","0.00242","4.60","4.36","30.0","2.7 m -  6.0 m","0"
"(2018 RS)","2018-Sep-05 17:21 ±    00:04","0.00071","0.00071","17.07","16.85","30.0","2.7 m -  5.9 m","0"
"(2018 RE2)","2018-Sep-06 10:06 ± < 00:01","0.00255","0.00254","8.73","8.61","28.5","5.3 m -   12 m","0"
"(2018 RJ3)","2018-Sep-07 21:43 ± < 00:01","0.00112","0.00112","8.39","8.11","27.8","7.3 m -   16 m","1"
"(2018 RW)","2018-Sep-08 05:18 ± < 00:01","0.00114","0.00114","6.25","5.87","30.6","2.0 m -  4.5 m","0"
"(2018 RC)","2018-Sep-09 12:09 ± < 00:01","0.00150","0.00150","5.33","4.99","24.9","27 m -   61 m","2"
"(2018 RY5)","2018-Sep-12 17:12 ± < 00:01","0.00120","0.00120","23.72","23.62","26.6","13 m -   28 m","1"
"(2018 RZ5)","2018-Sep-12 20:08 ± < 00:01","0.00033","0.00033","20.23","19.83","29.7","3.0 m -  6.8 m","1"
"(2018 SM)","2018-Sep-15 22:29 ± < 00:01","0.00028","0.00028","11.08","10.20","29.4","3.5 m -  7.8 m","1"
"(2018 SC)","2018-Sep-18 14:46 ± < 00:01","0.00179","0.00179","14.03","13.92","28.0","6.7 m -   15 m","0"
"(2018 SD2)","2018-Sep-25 06:07 ±    00:01","0.00059","0.00059","4.14","2.85","28.6","5.1 m -   11 m","1"
"(2018 TC)","2018-Sep-30 20:00 ± < 00:01","0.00204","0.00204","5.86","5.63","26.6","13 m -   28 m","1"
"(2018 TV5)","2018-Oct-06 05:24 ± < 00:01","0.00068","0.00068","15.28","15.03","29.5","3.3 m -  7.5 m","0"
"(2018 TV)","2018-Oct-07 20:05 ± < 00:01","0.00190","0.00190","8.51","8.34","28.6","5.1 m -   11 m","0"
"(2018 UL)","2018-Oct-17 11:34 ± < 00:01","0.00148","0.00148","5.81","5.49","29.2","3.8 m -  8.6 m","0"
"(2018 UA)","2018-Oct-19 14:46 ± < 00:01","0.00009","0.00009","14.15","11.91","30.2","2.4 m -  5.4 m","1"
"(2022 UR4)","2018-Oct-20 13:27 ± 1_14:16","0.00168","0.00152","13.80","13.68","28.9","4.4 m -  9.7 m","0"
"(2020 CD3)","2018-Oct-26 00:10 ± < 00:01","0.00215","0.00215","1.45","-NaN","31.7","1.2 m -  2.7 m","0"
"(2018 VP1)","2018-Nov-02 18:20 ± < 00:01","0.00101","0.00101","9.81","9.54","30.9","1.8 m -  3.9 m","0"
"(2018 VT5)","2018-Nov-05 01:32 ±    00:01","0.00123","0.00123","9.78","9.56","28.5","5.3 m -   12 m","0"
"(2018 VO5)","2018-Nov-06 01:31 ± < 00:01","0.00094","0.00094","12.22","11.98","26.7","12 m -   27 m","2"
"(2018 VX1)","2018-Nov-10 18:20 ± < 00:01","0.00255","0.00255","6.06","5.89","27.5","8.4 m -   19 m","0"
"(2018 VC7)","2018-Nov-13 02:24 ±    00:02","0.00224","0.00224","4.48","4.21","27.4","8.8 m -   20 m","0"
"(2018 WA1)","2018-Nov-13 18:28 ± < 00:01","0.00168","0.00168","3.30","2.78","30.1","2.5 m -  5.7 m","0"
"(2018 VJ10)","2018-Nov-14 20:39 ± < 00:01","0.00133","0.00132","13.50","13.35","28.6","5.1 m -   11 m","0"
"(2018 WH)","2018-Nov-16 05:49 ± < 00:01","0.00127","0.00127","7.81","7.53","29.8","2.9 m -  6.5 m","0"
"(2018 WG)","2018-Nov-16 19:14 ± < 00:01","0.00021","0.00021","11.85","10.70","29.3","3.7 m -  8.2 m","1"
"(2018 WE)","2018-Nov-18 13:55 ± < 00:01","0.00160","0.00160","12.80","12.67","28.4","5.6 m -   12 m","0"
"(2018 WJ)","2018-Nov-19 23:23 ± < 00:01","0.00079","0.00079","18.66","18.48","27.9","7.0 m -   16 m","1"
"(2018 WE1)","2018-Nov-25 00:03 ± < 00:01","0.00072","0.00072","12.01","11.69","26.1","16 m -   36 m","2"
"(2018 WZ1)","2018-Nov-27 10:27 ± < 00:01","0.00073","0.00073","14.18","13.92","29.4","3.5 m -  7.8 m","0"
"(2018 WA3)","2018-Nov-28 04:11 ± < 00:01","0.00216","0.00215","16.41","16.33","28.0","6.7 m -   15 m","0"
"(2018 WG2)","2018-Nov-30 19:09 ± < 00:01","0.00134","0.00133","6.75","6.45","30.1","2.5 m -  5.7 m","0"
"(2018 WV1)","2018-Dec-02 03:11 ± < 00:01","0.00022","0.00022","5.17","1.62","30.3","2.3 m -  5.2 m","0"
"(2018 XA4)","2018-Dec-11 15:42 ±    00:01","0.00249","0.00248","12.76","12.68","29.0","4.2 m -  9.4 m","0"
"(2018 YL2)","2018-Dec-27 17:33 ± < 00:01","0.00040","0.00040","11.91","11.34","29.4","3.5 m -  7.8 m","1"
"(2018 YO2)","2018-Dec-28 06:27 ± < 00:01","0.00131","0.00131","4.30","3.79","29.8","2.9 m -  6.5 m","0"
"(2019 AW2)","2018-Dec-28 12:34 ± < 00:01","0.00111","0.00110","14.05","13.87","25.4","22 m -   50 m","2"
"(2019 AS5)","2019-Jan-08 00:37 ± < 00:01","0.00010","0.00010","12.52","10.19","32.3","0.92 m -  2.1 m","0"
"(2019 AE9)","2019-Jan-12 11:09 ± < 00:01","0.00067","0.00067","19.22","19.01","27.2","9.7 m -   22 m","1"
"(2019 BO)","2019-Jan-16 01:13 ± < 00:01","0.00046","0.00046","8.08","7.32","28.1","6.4 m -   14 m","1"
"(2020 CD3)","2019-Jan-16 17:12 ± < 00:01","0.00108","0.00108","2.13","-NaN","31.7","1.2 m -  2.7 m","0"
"(2019 BV1)","2019-Jan-24 20:53 ± < 00:01","0.00090","0.00090","14.40","14.19","28.8","4.6 m -   10 m","0"
"(2019 BZ3)","2019-Jan-27 23:29 ± < 00:01","0.00032","0.00032","11.37","10.62","28.8","4.7 m -   10 m","1"
"(2019 CN5)","2019-Feb-11 07:23 ±    00:03","0.00079","0.00079","15.84","15.63","27.9","7.0 m -   16 m","1"
"(2019 DG2)","2019-Feb-26 07:39 ±    00:24","0.00158","0.00156","21.04","20.96","28.5","5.3 m -   12 m","0"
"(2019 DF)","2019-Feb-26 21:11 ±    00:09","0.00116","0.00105","14.95","14.79","29.8","2.9 m -  6.5 m","0"
"(2019 EH1)","2019-Mar-01 17:38 ± < 00:01","0.00016","0.00016","15.61","14.48","30.1","2.5 m -  5.6 m","1"
"(2019 EN2)","2019-Mar-13 23:38 ± < 00:01","0.00221","0.00221","9.83","9.70","27.6","8.0 m -   18 m","0"
"(2019 FA)","2019-Mar-16 01:14 ± < 00:01","0.00154","0.00154","6.04","5.75","28.8","4.7 m -   11 m","0"
"(2019 EA2)","2019-Mar-22 01:53 ± < 00:01","0.00205","0.00205","5.37","5.12","25.8","18 m -   41 m","1"
"(2019 FQ)","2019-Mar-23 18:17 ± < 00:01","0.00220","0.00220","8.47","8.32","27.1","10 m -   23 m","1"
"(2019 FC1)","2019-Mar-28 05:46 ± < 00:01","0.00069","0.00069","25.92","25.77","25.6","20 m -   45 m","3"
"(2019 FV1)","2019-Mar-31 05:27 ± < 00:01","0.00223","0.00223","18.28","18.21","28.9","4.4 m -  9.9 m","0"
"(2019 GP21)","2019-Mar-31 18:57 ±    06:12","0.00238","0.00199","10.98","10.87","29.8","2.9 m -  6.5 m","0"
"(2020 CD3)","2019-Apr-04 09:33 ± < 00:01","0.00009","0.00009","7.77","-NaN","31.7","1.2 m -  2.7 m","0"
"(2019 GN20)","2019-Apr-12 07:06 ± < 00:01","0.00253","0.00252","14.81","14.74","26.5","13 m -   30 m","1"
"(2019 GC6)","2019-Apr-18 06:41 ± < 00:01","0.00146","0.00146","5.62","5.29","26.5","13 m -   30 m","1"
"(2019 HE)","2019-Apr-20 21:12 ± < 00:01","0.00150","0.00149","12.18","12.03","26.7","12 m -   27 m","1"
"(2019 JK)","2019-Apr-30 08:12 ± < 00:01","0.00178","0.00178","17.91","17.82","28.0","6.7 m -   15 m","0"
"(2019 JX1)","2019-May-02 12:39 ± < 00:01","0.00120","0.00120","14.54","14.38","29.1","4.0 m -  9.0 m","0"
"(2019 JY2)","2019-May-05 17:12 ± < 00:01","0.00098","0.00098","8.05","7.71","29.6","3.2 m -  7.1 m","0"
"(2019 JP144)","2019-May-13 23:05 ±    00:02","0.00227","0.00215","15.43","15.35","27.4","8.6 m -   19 m","0"
"(2019 JH7)","2019-May-16 00:06 ± < 00:01","0.00048","0.00048","9.64","9.05","29.6","3.2 m -  7.1 m","0"
"(2019 KT)","2019-May-28 03:48 ± < 00:01","0.00217","0.00217","11.62","11.52","26.6","13 m -   28 m","1"
"(2019 LD42)","2019-Jun-05 14:54 ±    00:03","0.00091","0.00090","13.44","13.22","28.7","4.9 m -   11 m","0"
"(2019 LY4)","2019-Jun-06 01:30 ± < 00:01","0.00056","0.00056","20.74","20.50","27.8","7.3 m -   16 m","1"
"(2019 LW4)","2019-Jun-08 17:04 ± < 00:01","0.00166","0.00166","8.78","8.59","27.3","9.2 m -   21 m","1"
"(2020 CD3)","2019-Jun-30 17:27 ± < 00:01","0.00185","0.00185","1.56","-NaN","31.7","1.2 m -  2.7 m","0"
"(2019 NK1)","2019-Jul-02 09:49 ± < 00:01","0.00177","0.00177","8.27","8.08","29.9","2.8 m -  6.2 m","0"
"(2019 MB4)","2019-Jul-09 07:20 ± < 00:01","0.00211","0.00211","7.18","7.00","26.0","17 m -   38 m","1"
"(2019 NF7)","2019-Jul-09 12:07 ± < 00:01","0.00253","0.00252","9.30","9.19","28.1","6.4 m -   14 m","0"
"(2019 NN3)","2019-Jul-10 16:29 ± < 00:01","0.00214","0.00214","8.84","8.70","24.7","31 m -   68 m","2"
"(2019 OD)","2019-Jul-24 13:31 ± < 00:01","0.00239","0.00239","19.19","19.13","23.4","56 m -  120 m","3"
"(2019 OK)","2019-Jul-25 01:22 ± < 00:01","0.00048","0.00048","24.53","24.31","23.3","58 m -  130 m","4"
"(2019 OD3)","2019-Jul-28 02:56 ± < 00:01","0.00126","0.00125","18.10","17.99","26.9","11 m -   25 m","1"
"(2019 ON3)","2019-Jul-29 01:19 ±    00:14","0.00143","0.00142","14.16","14.03","27.8","7.2 m -   16 m","0"
"(2019 QB1)","2019-Aug-20 11:55 ± < 00:01","0.00083","0.00083","11.88","11.61","27.5","8.4 m -   19 m","1"
"(2019 QH2)","2019-Aug-20 18:12 ±    00:08","0.00033","0.00032","14.07","13.49","30.4","2.2 m -  4.9 m","0"
"(2019 QD)","2019-Aug-22 01:28 ± < 00:01","0.00200","0.00200","15.10","15.01","28.8","4.6 m -   10 m","0"
"(2019 QR8)","2019-Aug-26 08:51 ±    01:08","0.00207","0.00199","12.98","12.88","27.9","7.0 m -   16 m","0"
"(2019 QQ3)","2019-Aug-26 15:14 ±    00:01","0.00064","0.00063","19.73","19.52","29.3","3.7 m -  8.2 m","0"
"(2019 RQ)","2019-Sep-02 16:45 ± < 00:01","0.00074","0.00074","13.22","12.94","30.6","2.0 m -  4.5 m","0"
"(2019 RP1)","2019-Sep-05 22:04 ± < 00:01","0.00025","0.00025","25.88","25.47","27.9","7.0 m -   16 m","2"
"(2019 RC1)","2019-Sep-07 10:48 ± < 00:01","0.00123","0.00123","20.36","20.25","28.9","4.4 m -  9.9 m","0"
"(2020 CD3)","2019-Sep-10 04:00 ± < 00:01","0.00202","0.00202","1.47","-NaN","31.7","1.2 m -  2.7 m","0"
"(2019 SJ)","2019-Sep-16 18:56 ± < 00:01","0.00163","0.00163","8.67","8.48","27.6","8.0 m -   18 m","0"
"(2019 SU2)","2019-Sep-21 02:48 ±    00:01","0.00048","0.00048","11.92","11.45","30.1","2.5 m -  5.7 m","0"
"(2019 SD1)","2019-Sep-21 06:46 ± < 00:01","0.00187","0.00186","24.09","24.03","28.5","5.3 m -   12 m","0"
"(2019 SS2)","2019-Sep-21 07:12 ±    00:02","0.00077","0.00077","8.81","8.41","30.7","1.9 m -  4.3 m","0"
"(2019 SS3)","2019-Sep-22 22:46 ±    00:03","0.00188","0.00187","14.42","14.32","26.2","15 m -   34 m","1"
"(2019 SX8)","2019-Sep-28 07:50 ± < 00:01","0.00255","0.00254","8.38","8.25","28.9","4.4 m -  9.9 m","0"
"(2019 TE)","2019-Sep-28 20:33 ±    01:31","0.00238","0.00227","19.63","19.57","28.0","6.7 m -   15 m","0"
"(2019 TD)","2019-Sep-29 18:49 ±    00:01","0.00087","0.00087","10.10","9.79","29.2","3.8 m -  8.6 m","0"
"(2019 SM8)","2019-Oct-01 13:56 ± < 00:01","0.00106","0.00106","14.22","14.05","29.2","3.8 m -  8.6 m","0"
"(2019 SP3)","2019-Oct-03 06:33 ± < 00:01","0.00249","0.00248","8.66","8.53","26.2","15 m -   34 m","1"
"(2019 TN5)","2019-Oct-05 22:38 ± < 00:01","0.00083","0.00083","12.73","12.47","28.3","5.8 m -   13 m","1"
"(2019 UU1)","2019-Oct-18 06:23 ± < 00:01","0.00151","0.00151","7.64","7.41","30.4","2.2 m -  4.9 m","0"
"(2019 UG)","2019-Oct-18 09:23 ± < 00:01","0.00215","0.00215","12.10","12.00","28.1","6.4 m -   14 m","0"
"(2019 UL3)","2019-Oct-19 22:22 ± < 00:01","0.00199","0.00198","8.95","8.80","28.3","5.8 m -   13 m","0"
"(2019 UN8)","2019-Oct-23 16:36 ± < 00:01","0.00241","0.00240","19.28","19.22","29.7","3.1 m -  6.8 m","0"
"(2019 UO8)","2019-Oct-25 13:30 ± < 00:01","0.00105","0.00105","25.24","25.14","29.3","3.7 m -  8.2 m","0"
"(2019 UX12)","2019-Oct-26 03:07 ±    00:01","0.00256","0.00254","9.73","9.62","28.7","4.8 m -   11 m","0"
"(2019 UD10)","2019-Oct-27 10:08 ±    00:02","0.00112","0.00112","11.53","11.32","28.2","6.1 m -   14 m","0"
"(2019 UB8)","2019-Oct-29 06:30 ± < 00:01","0.00127","0.00127","10.58","10.38","29.0","4.2 m -  9.4 m","0"
"(2019 UN13)","2019-Oct-31 14:45 ± < 00:01","0.00008","0.00008","12.85","10.09","32.0","1.1 m -  2.4 m","0"
"(2019 UG11)","2019-Nov-01 20:42 ± < 00:01","0.00140","0.00140","10.11","9.92","26.8","12 m -   26 m","1"
"(2019 VC37)","2019-Nov-01 20:44 ± < 00:01","0.00157","0.00157","6.00","5.71","29.7","3.1 m -  6.9 m","0"
"(2019 VA)","2019-Nov-02 17:28 ± < 00:01","0.00071","0.00071","8.65","8.20","28.4","5.6 m -   12 m","1"
"(2019 VD)","2019-Nov-04 09:56 ± < 00:01","0.00117","0.00116","12.00","11.81","27.4","8.8 m -   20 m","1"
"(2019 VR)","2019-Nov-04 10:30 ± < 00:01","0.00091","0.00091","9.63","9.32","28.1","6.4 m -   14 m","1"
"(2019 VS4)","2019-Nov-06 16:28 ± < 00:01","0.00093","0.00093","7.51","7.12","27.3","9.2 m -   21 m","1"
"(2019 VB5)","2019-Nov-09 17:29 ± < 00:01","0.00097","0.00097","6.20","5.74","31.7","1.2 m -  2.7 m","0"
"(2019 VF5)","2019-Nov-09 23:16 ± < 00:01","0.00127","0.00127","18.00","17.88","27.5","8.4 m -   19 m","1"
"(2020 CD3)","2019-Nov-18 13:04 ± < 00:01","0.00194","0.00194","1.54","-NaN","31.7","1.2 m -  2.7 m","0"
"(2019 WH)","2019-Nov-19 08:01 ± < 00:01","0.00057","0.00057","10.98","10.54","26.2","15 m -   34 m","2"
"(2019 WV1)","2019-Nov-19 23:56 ±    00:01","0.00185","0.00185","8.85","8.68","28.0","6.7 m -   15 m","0"
"(2019 WG2)","2019-Nov-23 08:44 ± < 00:01","0.00121","0.00121","14.92","14.78","24.9","27 m -   61 m","2"
"(2019 WJ4)","2019-Nov-30 20:05 ± < 00:01","0.00219","0.00219","18.52","18.46","28.4","5.6 m -   12 m","0"
"(2019 YB)","2019-Dec-18 00:12 ±    00:03","0.00113","0.00112","12.80","12.62","29.7","3.1 m -  6.8 m","0"
"(2019 YS)","2019-Dec-18 15:12 ± < 00:01","0.00044","0.00044","7.17","6.26","31.5","1.3 m -  3.0 m","0"
"(2019 YU2)","2019-Dec-23 19:28 ± < 00:01","0.00066","0.00066","15.63","15.37","27.4","8.8 m -   20 m","1"
"(2019 YV4)","2019-Dec-25 21:41 ±    11:01","0.00251","0.00230","20.12","20.07","27.3","9.2 m -   21 m","0"
"(2020 AP1)","2020-Jan-02 15:33 ±    00:02","0.00218","0.00218","5.61","5.39","29.6","3.2 m -  7.1 m","0"
"(2020 BK3)","2020-Jan-20 20:52 ± < 00:01","0.00200","0.00200","10.53","10.40","26.9","11 m -   25 m","1"
"(2020 BB5)","2020-Jan-22 00:20 ± < 00:01","0.00177","0.00177","9.02","8.86","29.7","3.1 m -  6.8 m","0"
"(2020 BH6)","2020-Jan-25 05:11 ± < 00:01","0.00047","0.00047","10.20","9.63","28.6","5.1 m -   11 m","1"
"(2020 BA13)","2020-Jan-27 16:56 ± < 00:01","0.00132","0.00132","10.31","10.11","28.9","4.4 m -  9.9 m","0"
"(2020 BA15)","2020-Jan-28 18:03 ± < 00:01","0.00252","0.00251","12.23","12.14","27.4","8.8 m -   20 m","0"
"(2020 BZ13)","2020-Jan-29 01:18 ± < 00:01","0.00072","0.00071","24.40","24.25","29.9","2.8 m -  6.2 m","0"
"(2020 CZ)","2020-Jan-31 03:51 ±    00:48","0.00210","0.00209","14.49","14.40","29.4","3.5 m -  7.8 m","0"
"(2020 CJ)","2020-Jan-31 19:03 ± < 00:01","0.00236","0.00236","6.55","6.37","26.9","11 m -   25 m","1"
"(2020 CW)","2020-Feb-01 12:50 ± < 00:01","0.00010","0.00010","21.28","20.06","32.6","0.82 m -  1.8 m","0"
"(2020 CA)","2020-Feb-02 15:49 ±    00:02","0.00147","0.00146","13.26","13.12","29.6","3.2 m -  7.1 m","0"
"(2020 BT14)","2020-Feb-03 08:19 ± < 00:01","0.00126","0.00125","8.43","8.18","27.7","7.7 m -   17 m","1"
"(2020 CQ1)","2020-Feb-04 11:16 ± < 00:01","0.00043","0.00043","6.07","4.94","28.9","4.5 m -   10 m","1"
"(2020 DU)","2020-Feb-13 13:22 ±    00:06","0.00217","0.00215","9.96","9.84","28.7","4.8 m -   11 m","0"
"(2020 CD3)","2020-Feb-13 16:20 ± < 00:01","0.00031","0.00031","4.07","-NaN","31.7","1.2 m -  2.7 m","0"
"(2020 CQ2)","2020-Feb-14 02:19 ± < 00:01","0.00099","0.00099","7.99","7.65","28.6","5.1 m -   11 m","0"
"(2020 DP14)","2020-Feb-17 22:24 ± < 00:01","0.00080","0.00080","6.95","6.46","30.3","2.3 m -  5.2 m","0"
"(2020 DA1)","2020-Feb-18 10:32 ± < 00:01","0.00129","0.00129","19.07","18.96","29.8","2.9 m -  6.5 m","0"
"(2020 DW)","2020-Feb-18 17:02 ± < 00:01","0.00161","0.00161","4.04","3.61","30.4","2.2 m -  4.9 m","0"
"(2020 DR4)","2020-Feb-25 20:29 ± < 00:01","0.00062","0.00062","7.42","6.82","29.8","3.0 m -  6.7 m","0"
"(2020 FD2)","2020-Mar-14 20:18 ±    00:05","0.00219","0.00216","33.42","33.38","25.7","19 m -   43 m","1"
"(2020 FD)","2020-Mar-18 04:05 ± < 00:01","0.00171","0.00171","15.60","15.50","27.7","7.8 m -   17 m","0"
"(2020 FG4)","2020-Mar-19 13:35 ±    00:51","0.00126","0.00125","11.32","11.13","26.9","11 m -   25 m","1"
"(2020 FL2)","2020-Mar-22 20:32 ± < 00:01","0.00099","0.00099","20.25","20.12","26.1","16 m -   36 m","2"
"(2020 FJ4)","2020-Mar-25 13:42 ± < 00:01","0.00172","0.00171","13.65","13.54","29.5","3.3 m -  7.5 m","0"
"(2020 FB7)","2020-Mar-31 16:17 ± < 00:01","0.00052","0.00052","16.63","16.31","26.1","16 m -   36 m","2"
"(2020 GO1)","2020-Apr-01 19:09 ± < 00:01","0.00046","0.00046","7.65","6.85","27.6","8.0 m -   18 m","2"
"(2020 GH)","2020-Apr-03 22:04 ± < 00:01","0.00084","0.00084","12.88","12.63","29.0","4.2 m -  9.4 m","0"
"(2020 GY1)","2020-Apr-05 07:37 ± < 00:01","0.00054","0.00054","12.08","11.66","26.6","13 m -   28 m","2"
"(2022 UH2)","2020-Apr-09 01:50 ± 1_22:03","0.00113","0.00083","12.21","12.02","27.4","8.9 m -   20 m","1"
"(2020 HO)","2020-Apr-15 10:06 ±    00:01","0.00193","0.00192","20.11","20.04","28.6","5.1 m -   11 m","0"
"(2020 GH2)","2020-Apr-15 12:47 ± < 00:01","0.00240","0.00240","8.71","8.58","26.6","13 m -   28 m","1"
"(2020 HM6)","2020-Apr-22 05:52 ± < 00:01","0.00109","0.00108","15.97","15.81","26.6","13 m -   28 m","1"
"(2020 HF5)","2020-Apr-22 16:41 ± < 00:01","0.00098","0.00098","7.64","7.28","26.7","12 m -   27 m","1"
"(2020 HU7)","2020-Apr-22 20:19 ± < 00:01","0.00087","0.00087","10.67","10.38","29.7","3.1 m -  6.8 m","0"
"(2020 HX3)","2020-Apr-24 19:38 ± < 00:01","0.00169","0.00169","15.08","14.98","27.2","9.7 m -   22 m","1"
"(2020 HT8)","2020-Apr-26 13:33 ±    00:01","0.00099","0.00098","19.99","19.85","28.6","5.1 m -   11 m","0"
"(2020 HP6)","2020-Apr-27 14:40 ± < 00:01","0.00084","0.00084","12.22","11.96","28.0","6.7 m -   15 m","1"
"(2020 HS7)","2020-Apr-28 18:51 ± < 00:01","0.00029","0.00029","15.56","14.95","29.1","4.0 m -  9.0 m","1"
"(2020 JG)","2020-Apr-30 19:38 ± < 00:01","0.00143","0.00142","13.22","13.08","25.8","18 m -   41 m","2"
"(2020 JA)","2020-May-03 20:01 ± < 00:01","0.00160","0.00159","20.28","20.19","27.2","9.7 m -   22 m","1"
"(2020 JJ)","2020-May-04 12:05 ± < 00:01","0.00009","0.00009","14.36","12.11","29.9","2.8 m -  6.2 m","1"
"(2020 JV38)","2020-May-05 01:43 ± < 00:01","0.00140","0.00140","11.78","11.62","27.6","8.2 m -   18 m","1"
"(2020 JN)","2020-May-05 03:22 ± < 00:01","0.00167","0.00166","21.91","21.84","27.4","8.8 m -   20 m","1"
"(2021 GM1)","2020-May-09 03:57 ± < 00:01","0.00181","0.00181","1.81","0.58","30.4","2.2 m -  4.9 m","0"
"(2020 KF5)","2020-May-28 12:47 ± < 00:01","0.00165","0.00165","10.86","10.71","29.4","3.5 m -  7.8 m","0"
"(2020 KJ4)","2020-May-28 13:21 ± < 00:01","0.00096","0.00096","4.92","4.32","29.9","2.8 m -  6.2 m","0"
"(2020 KC5)","2020-May-29 20:47 ± < 00:01","0.00247","0.00247","9.14","9.02","27.4","8.8 m -   20 m","0"
"(2020 LD)","2020-Jun-05 08:23 ± < 00:01","0.00205","0.00205","27.14","27.10","22.4","89 m -  200 m","3"
"(2020 ML2)","2020-Jun-13 04:45 ± < 00:01","0.00238","0.00237","5.45","5.24","27.9","7.0 m -   16 m","0"
"(2020 NB)","2020-Jul-05 21:20 ± < 00:01","0.00119","0.00119","8.35","8.08","26.2","15 m -   35 m","2"
"(2020 OY4)","2020-Jul-28 05:30 ± < 00:01","0.00028","0.00028","12.39","11.59","30.4","2.3 m -  5.1 m","0"
"(2020 PA)","2020-Aug-01 01:56 ± < 00:01","0.00039","0.00039","9.07","8.28","28.8","4.5 m -   10 m","1"
"(2020 PX5)","2020-Aug-11 08:45 ± < 00:01","0.00153","0.00152","10.29","10.12","29.6","3.3 m -  7.3 m","0"
"(2020 QJ5)","2020-Aug-12 14:56 ± < 00:01","0.00198","0.00197","9.86","9.73","26.7","12 m -   27 m","1"
"(2020 PW2)","2020-Aug-14 04:25 ± < 00:01","0.00187","0.00187","10.77","10.63","28.8","4.6 m -   10 m","0"
"(2020 QG)","2020-Aug-16 04:09 ± < 00:01","0.00006","0.00006","12.33","8.15","29.9","2.8 m -  6.2 m","2"
"(2020 QF2)","2020-Aug-18 01:41 ± < 00:01","0.00140","0.00140","10.84","10.67","27.9","7.0 m -   16 m","0"
"(2020 PY2)","2020-Aug-20 23:29 ± < 00:01","0.00234","0.00234","16.80","16.73","26.5","13 m -   30 m","1"
"(2020 QY2)","2020-Aug-20 23:50 ± < 00:01","0.00044","0.00044","18.92","18.60","31.2","1.5 m -  3.4 m","0"
"(2020 QN4)","2020-Aug-21 04:23 ± < 00:01","0.00182","0.00182","7.73","7.54","28.6","5.1 m -   11 m","0"
"(2020 QQ4)","2020-Aug-22 23:18 ± < 00:01","0.00206","0.00206","7.62","7.45","28.8","4.6 m -   10 m","0"
"(2020 QR5)","2020-Aug-23 04:20 ± < 00:01","0.00214","0.00214","6.94","6.76","27.3","9.0 m -   20 m","0"
"(2020 QK111)","2020-Aug-26 21:31 ± < 00:01","0.00090","0.00086","11.96","11.71","29.8","2.9 m -  6.5 m","0"
"(2020 RE5)","2020-Sep-09 16:50 ±    00:03","0.00164","0.00163","17.04","16.94","29.1","4.0 m -  9.0 m","0"
"(2020 RG10)","2020-Sep-10 11:33 ±    00:03","0.00091","0.00091","13.37","13.15","28.8","4.6 m -   10 m","0"
"(2020 SP)","2020-Sep-13 00:57 ± < 00:01","0.00222","0.00222","4.03","3.72","27.1","10 m -   23 m","1"
"(2020 RF3)","2020-Sep-14 06:49 ± < 00:01","0.00063","0.00063","17.16","16.91","28.5","5.3 m -   12 m","1"
"(2020 RD4)","2020-Sep-14 20:33 ± < 00:01","0.00071","0.00071","10.21","9.83","29.7","3.1 m -  6.8 m","0"
"(2020 RZ6)","2020-Sep-17 18:23 ± < 00:01","0.00227","0.00227","8.67","8.54","26.5","13 m -   29 m","1"
"(2020 SZ2)","2020-Sep-19 04:16 ± < 00:01","0.00245","0.00244","11.00","10.90","29.4","3.5 m -  7.8 m","0"
"(2020 SG6)","2020-Sep-23 12:45 ±    00:04","0.00149","0.00148","9.98","9.79","29.3","3.7 m -  8.2 m","0"
"(2020 SW)","2020-Sep-24 11:13 ± < 00:01","0.00019","0.00019","7.75","5.63","29.1","4.1 m -  9.2 m","1"
"(2020 SN5)","2020-Sep-24 12:47 ± < 00:01","0.00135","0.00134","13.46","13.31","28.1","6.3 m -   14 m","0"
"(2020 SQ4)","2020-Sep-26 18:05 ± < 00:01","0.00236","0.00235","12.93","12.84","28.9","4.4 m -  9.8 m","0"
"(2020 TA)","2020-Oct-01 11:07 ±    00:02","0.00148","0.00147","11.91","11.75","25.5","21 m -   47 m","2"
"(2020 TE5)","2020-Oct-09 18:18 ±    00:05","0.00038","0.00038","12.10","11.50","29.0","4.2 m -  9.3 m","1"
"(2020 TS1)","2020-Oct-12 10:57 ± < 00:01","0.00170","0.00170","4.19","3.80","29.2","3.8 m -  8.6 m","0"
"(2020 TD7)","2020-Oct-13 09:51 ± < 00:01","0.00227","0.00227","9.95","9.83","26.8","12 m -   26 m","1"
"(2020 TK7)","2020-Oct-14 16:00 ± < 00:01","0.00050","0.00050","10.65","10.14","29.6","3.2 m -  7.0 m","0"
"(2020 UE)","2020-Oct-15 08:55 ± < 00:01","0.00182","0.00182","14.63","14.53","25.5","21 m -   46 m","2"
"(2020 TG6)","2020-Oct-17 18:03 ± < 00:01","0.00093","0.00093","18.80","18.65","29.1","4.0 m -  9.0 m","0"
"(2020 TE6)","2020-Oct-18 19:19 ± < 00:01","0.00154","0.00154","10.73","10.57","27.5","8.4 m -   19 m","1"
"(2020 UX)","2020-Oct-19 07:05 ±    00:01","0.00127","0.00126","8.64","8.39","31.1","1.6 m -  3.5 m","0"
"(2020 TF6)","2020-Oct-19 19:24 ± < 00:01","0.00103","0.00102","12.73","12.53","27.6","8.0 m -   18 m","1"
"(2020 UA)","2020-Oct-21 02:00 ± < 00:01","0.00030","0.00030","7.84","6.60","28.4","5.5 m -   12 m","1"
"(2020 UY)","2020-Oct-21 04:24 ±    00:01","0.00235","0.00234","6.99","6.83","29.0","4.2 m -  9.4 m","0"
"(2020 UO3)","2020-Oct-22 15:53 ± < 00:01","0.00234","0.00233","16.76","16.69","28.2","6.0 m -   13 m","0"
"(2020 UF3)","2020-Oct-22 22:17 ± < 00:01","0.00029","0.00029","22.01","21.58","28.4","5.6 m -   13 m","1"
"(2020 VW)","2020-Nov-02 09:07 ± < 00:01","0.00148","0.00148","9.88","9.70","28.4","5.7 m -   13 m","0"
"(2020 VO1)","2020-Nov-06 23:48 ± < 00:01","0.00116","0.00116","7.97","7.68","28.0","6.7 m -   15 m","0"
"(2020 VR1)","2020-Nov-09 17:51 ± < 00:01","0.00254","0.00254","12.53","12.45","28.9","4.3 m -  9.7 m","0"
"(2020 VP1)","2020-Nov-11 06:59 ± < 00:01","0.00123","0.00122","21.82","21.72","27.7","7.8 m -   17 m","1"
"(2020 VT4)","2020-Nov-13 17:21 ± < 00:01","0.00005","0.00005","13.43","7.88","28.6","5.0 m -   11 m","3"
"(2020 VH5)","2020-Nov-13 19:46 ± < 00:01","0.00169","0.00169","7.50","7.29","29.2","3.8 m -  8.5 m","0"
"(2020 WY4)","2020-Nov-24 03:19 ±    00:04","0.00075","0.00074","16.21","15.99","28.9","4.4 m -  9.9 m","0"
"(2020 WG5)","2020-Nov-26 02:36 ± < 00:01","0.00242","0.00241","6.19","6.01","27.8","7.5 m -   17 m","0"
"(2020 WF5)","2020-Nov-26 08:16 ± < 00:01","0.00135","0.00134","8.86","8.64","27.8","7.4 m -   17 m","0"
"(2020 XC)","2020-Nov-30 10:16 ±    00:01","0.00081","0.00081","4.33","3.49","29.0","4.1 m -  9.2 m","0"
"(2020 XE)","2020-Dec-01 12:23 ±    00:01","0.00199","0.00198","23.67","23.61","26.2","15 m -   34 m","1"
"(2020 XE1)","2020-Dec-03 08:23 ± < 00:01","0.00218","0.00218","9.18","9.04","26.7","12 m -   27 m","1"
"(2020 XF)","2020-Dec-03 09:00 ± < 00:01","0.00059","0.00059","4.43","3.26","26.8","11 m -   25 m","2"
"(2020 VZ6)","2020-Dec-03 10:06 ± < 00:01","0.00233","0.00233","9.00","8.88","25.0","27 m -   59 m","2"
"(2020 XK1)","2020-Dec-07 16:15 ± < 00:01","0.00014","0.00014","8.49","5.81","30.6","2.0 m -  4.5 m","1"
"(2020 XG2)","2020-Dec-07 19:15 ±    00:02","0.00033","0.00033","12.60","11.94","27.9","7.0 m -   16 m","2"
"(2020 XF4)","2020-Dec-16 11:16 ± < 00:01","0.00229","0.00229","6.81","6.63","27.6","8.1 m -   18 m","0"
"(2020 XX3)","2020-Dec-18 06:41 ± < 00:01","0.00038","0.00038","5.92","4.60","28.5","5.4 m -   12 m","1"
"(2020 YR2)","2020-Dec-19 19:35 ± < 00:01","0.00115","0.00115","7.34","7.02","28.3","5.8 m -   13 m","0"
"(2020 YS2)","2020-Dec-20 06:03 ± < 00:01","0.00058","0.00058","4.01","2.63","31.1","1.6 m -  3.6 m","0"
"(2020 YJ2)","2020-Dec-21 04:57 ± < 00:01","0.00229","0.00229","14.31","14.23","27.4","9.0 m -   20 m","0"
"(2020 YS4)","2020-Dec-28 22:27 ± < 00:01","0.00064","0.00064","7.29","6.70","27.8","7.5 m -   17 m","1"
"(2021 AA)","2021-Jan-01 13:16 ±    00:01","0.00159","0.00158","22.22","22.14","27.0","11 m -   24 m","1"
"(2021 AH)","2021-Jan-03 23:37 ± < 00:01","0.00033","0.00033","21.67","21.29","28.5","5.3 m -   12 m","1"
"(2021 AH8)","2021-Jan-04 19:22 ±    00:05","0.00035","0.00035","25.99","25.70","29.6","3.2 m -  7.2 m","1"
"(2021 AS2)","2021-Jan-09 09:38 ± < 00:01","0.00072","0.00072","24.62","24.47","29.6","3.2 m -  7.2 m","0"
"(2021 BR2)","2021-Jan-16 02:25 ± < 00:01","0.00049","0.00049","8.07","7.36","30.9","1.8 m -  4.0 m","0"
"(2021 BK)","2021-Jan-18 01:16 ± < 00:01","0.00075","0.00075","11.47","11.15","30.3","2.3 m -  5.2 m","0"
"(2021 BV1)","2021-Jan-18 01:44 ± < 00:01","0.00161","0.00160","21.63","21.55","28.0","6.6 m -   15 m","0"
"(2021 BO)","2021-Jan-18 08:09 ± < 00:01","0.00016","0.00016","7.72","5.14","33.0","0.68 m -  1.5 m","0"
"(2021 BO1)","2021-Jan-20 02:17 ± < 00:01","0.00168","0.00167","10.24","10.09","29.2","3.8 m -  8.6 m","0"
"(2018 BA3)","2021-Jan-26 02:06 ± 7_20:53","0.00250","0.00191","8.10","7.97","26.4","14 m -   31 m","1"
"(2021 CV)","2021-Feb-04 05:44 ±    00:02","0.00135","0.00134","12.69","12.54","28.9","4.4 m -  9.9 m","0"
"(2021 CZ3)","2021-Feb-09 01:50 ± < 00:01","0.00015","0.00015","11.09","9.38","31.0","1.7 m -  3.8 m","0"
"(2021 CO)","2021-Feb-11 15:22 ± < 00:01","0.00242","0.00242","11.57","11.47","25.2","24 m -   55 m","2"
"(2021 CQ5)","2021-Feb-11 22:35 ± < 00:01","0.00119","0.00119","13.42","13.25","28.6","5.1 m -   11 m","0"
"(2021 CC6)","2021-Feb-12 10:59 ± < 00:01","0.00113","0.00113","13.58","13.40","30.1","2.5 m -  5.5 m","0"
"(2021 CC7)","2021-Feb-12 20:27 ± < 00:01","0.00217","0.00217","4.28","3.99","29.7","3.0 m -  6.7 m","0"
"(2021 CA6)","2021-Feb-13 15:58 ± < 00:01","0.00111","0.00111","6.77","6.40","28.6","5.2 m -   12 m","0"
"(2021 CS6)","2021-Feb-14 12:09 ± < 00:01","0.00100","0.00100","8.28","7.95","27.8","7.3 m -   16 m","1"
"(2021 CW7)","2021-Feb-14 16:14 ± < 00:01","0.00019","0.00019","9.56","7.94","31.2","1.5 m -  3.4 m","0"
"(2021 DN1)","2021-Feb-18 03:18 ± < 00:01","0.00226","0.00225","7.48","7.32","28.1","6.3 m -   14 m","0"
"(2021 DG)","2021-Feb-18 14:21 ± < 00:01","0.00111","0.00111","13.11","12.93","30.4","2.2 m -  4.9 m","0"
"(2021 DA2)","2021-Feb-21 13:04 ± < 00:01","0.00132","0.00132","7.15","6.86","29.2","3.9 m -  8.7 m","0"
"(2021 EA)","2021-Mar-02 15:10 ± < 00:01","0.00063","0.00063","9.92","9.48","28.1","6.3 m -   14 m","1"
"(2021 EF1)","2021-Mar-08 04:46 ± < 00:01","0.00187","0.00187","12.10","11.98","29.7","3.1 m -  6.8 m","0"
"(2021 EG3)","2021-Mar-09 23:43 ± < 00:01","0.00098","0.00097","24.06","23.94","29.2","3.8 m -  8.6 m","0"
"(2021 EN4)","2021-Mar-15 03:59 ± < 00:01","0.00047","0.00047","17.29","16.96","29.7","3.1 m -  6.9 m","0"
"(2021 EP4)","2021-Mar-15 18:09 ± < 00:01","0.00248","0.00248","6.80","6.64","29.3","3.7 m -  8.4 m","0"
"(2021 EQ3)","2021-Mar-16 04:41 ± < 00:01","0.00186","0.00186","11.99","11.87","26.1","16 m -   36 m","1"
"(2021 FM2)","2021-Mar-20 21:46 ±    00:02","0.00056","0.00056","11.31","10.88","30.3","2.3 m -  5.2 m","0"
"(2021 FF2)","2021-Mar-21 12:10 ± < 00:01","0.00213","0.00213","9.62","9.49","28.1","6.3 m -   14 m","0"
"(2021 FO1)","2021-Mar-23 03:08 ± < 00:01","0.00215","0.00214","7.44","7.27","29.5","3.4 m -  7.6 m","0"
"(2021 FH)","2021-Mar-23 16:52 ± < 00:01","0.00157","0.00157","11.99","11.85","26.8","12 m -   27 m","1"
"(2021 FP2)","2021-Mar-23 22:35 ± < 00:01","0.00216","0.00216","8.97","8.83","30.1","2.5 m -  5.6 m","0"
"(2021 GE2)","2021-Apr-03 07:55 ± < 00:01","0.00161","0.00160","15.49","15.38","29.1","3.9 m -  8.8 m","0"
"(2021 GV)","2021-Apr-04 17:23 ± < 00:01","0.00224","0.00224","20.85","20.79","29.2","3.8 m -  8.6 m","0"
"(2021 GS)","2021-Apr-05 09:06 ± < 00:01","0.00167","0.00166","11.87","11.73","28.7","4.8 m -   11 m","0"
"(2021 GZ7)","2021-Apr-05 18:39 ± < 00:01","0.00126","0.00126","10.27","10.07","28.9","4.3 m -  9.6 m","0"
"(2021 GV4)","2021-Apr-08 06:48 ± < 00:01","0.00212","0.00212","6.48","6.28","29.0","4.3 m -  9.6 m","0"
"(2021 GL16)","2021-Apr-09 00:52 ± < 00:01","0.00247","0.00246","5.79","5.60","26.3","15 m -   33 m","1"
"(2021 GT3)","2021-Apr-10 21:34 ± < 00:01","0.00171","0.00170","24.42","24.35","26.4","14 m -   32 m","1"
"(2021 GE226)","2021-Apr-10 22:48 ± < 00:01","0.00220","0.00217","8.97","8.83","28.4","5.5 m -   12 m","0"
"(2021 GQ5)","2021-Apr-11 07:41 ± < 00:01","0.00248","0.00248","6.88","6.72","28.5","5.3 m -   12 m","0"
"(2021 GA168)","2021-Apr-11 21:12 ± < 00:01","0.00156","0.00156","24.40","24.33","28.9","4.5 m -   10 m","0"
"(2021 GW4)","2021-Apr-12 13:01 ± < 00:01","0.00018","0.00017","8.36","6.28","29.5","3.4 m -  7.6 m","1"
"(2021 GC13)","2021-Apr-13 02:36 ± < 00:01","0.00228","0.00228","6.95","6.78","29.1","4.0 m -  8.9 m","0"
"(2021 GC8)","2021-Apr-13 22:05 ± < 00:01","0.00146","0.00145","6.85","6.57","30.6","2.0 m -  4.5 m","0"
"(2021 GQ10)","2021-Apr-14 05:29 ± < 00:01","0.00116","0.00116","6.58","6.22","26.6","13 m -   28 m","1"
"(2021 GW16)","2021-Apr-14 21:54 ±    00:02","0.00020","0.00019","12.79","11.68","30.1","2.5 m -  5.7 m","1"
"(2021 HC1)","2021-Apr-15 04:44 ± < 00:01","0.00155","0.00154","9.31","9.12","28.0","6.8 m -   15 m","0"
"(2021 GF10)","2021-Apr-15 09:29 ± < 00:01","0.00077","0.00077","13.70","13.45","28.2","6.2 m -   14 m","1"
"(2021 GN10)","2021-Apr-15 22:31 ± < 00:01","0.00192","0.00192","12.02","11.90","28.4","5.6 m -   12 m","0"
"(2021 HE1)","2021-Apr-17 08:01 ± < 00:01","0.00153","0.00152","11.73","11.58","28.9","4.4 m -  9.7 m","0"
"(2021 HN)","2021-Apr-19 07:53 ± < 00:01","0.00170","0.00170","18.12","18.04","26.9","11 m -   25 m","1"
"(2021 HE41)","2021-Apr-23 13:03 ±    00:02","0.00251","0.00229","9.48","9.37","28.8","4.7 m -   11 m","0"
"(2021 JW)","2021-May-02 14:21 ± < 00:01","0.00173","0.00173","19.28","19.20","27.6","8.0 m -   18 m","0"
"(2021 JV)","2021-May-04 21:29 ± < 00:01","0.00094","0.00093","10.19","9.91","27.4","8.6 m -   19 m","1"
"(2021 JS1)","2021-May-06 07:38 ± < 00:01","0.00074","0.00074","22.71","22.55","28.5","5.3 m -   12 m","1"
"(2021 JQ2)","2021-May-08 10:47 ± < 00:01","0.00045","0.00045","8.67","7.95","30.0","2.6 m -  5.9 m","0"
"(2021 JB6)","2021-May-13 22:55 ± < 00:01","0.00071","0.00071","8.98","8.55","28.8","4.7 m -   10 m","0"
"(2021 JU6)","2021-May-14 15:01 ± < 00:01","0.00044","0.00044","11.60","11.07","27.1","10 m -   23 m","2"
"(2021 LV)","2021-May-27 13:20 ±    00:03","0.00188","0.00187","14.89","14.79","27.9","6.9 m -   15 m","0"
"(2022 XL)","2021-May-29 02:18 ±    03:14","0.00255","0.00144","9.69","9.58","29.3","3.7 m -  8.2 m","0"
"(2021 KO2)","2021-May-30 04:01 ± < 00:01","0.00248","0.00247","15.00","14.93","28.0","6.6 m -   15 m","0"
"(2021 KB22)","2021-May-30 20:00 ± < 00:01","0.00073","0.00072","6.69","6.12","30.0","2.7 m -  6.0 m","0"
"(2021 KN2)","2021-May-31 02:14 ± < 00:01","0.00097","0.00097","9.82","9.53","28.6","5.0 m -   11 m","0"
"(2021 KQ2)","2021-May-31 05:43 ± < 00:01","0.00119","0.00118","3.15","2.33","30.0","2.7 m -  6.1 m","0"
"(2021 KT2)","2021-Jun-01 22:44 ±    00:02","0.00195","0.00194","8.41","8.24","28.4","5.6 m -   12 m","0"
"(2021 LX1)","2021-Jun-04 04:31 ±    00:03","0.00107","0.00106","17.36","17.22","27.1","10 m -   23 m","1"
"(2021 LG5)","2021-Jun-12 22:19 ± < 00:01","0.00106","0.00106","15.83","15.67","28.7","4.8 m -   11 m","0"
"(2021 LO2)","2021-Jun-13 16:16 ± < 00:01","0.00148","0.00148","8.68","8.47","28.0","6.6 m -   15 m","0"
"(2021 MU)","2021-Jun-15 09:43 ± < 00:01","0.00111","0.00111","4.68","4.14","27.4","8.8 m -   20 m","1"
"(2021 ME)","2021-Jun-17 00:25 ± < 00:01","0.00212","0.00211","5.69","5.47","29.0","4.3 m -  9.6 m","0"
"(2021 NA)","2021-Jul-03 04:57 ± < 00:01","0.00044","0.00044","11.39","10.84","28.6","5.2 m -   12 m","1"
"(2021 NU3)","2021-Jul-08 07:19 ± < 00:01","0.00120","0.00119","12.01","11.83","28.6","5.0 m -   11 m","0"
"(2021 OV)","2021-Jul-20 14:51 ±    01:00","0.00131","0.00119","14.04","13.89","27.8","7.5 m -   17 m","1"
"(2021 OD1)","2021-Jul-31 12:16 ± < 00:01","0.00170","0.00170","7.88","7.68","28.3","5.9 m -   13 m","0"
"(2021 PC)","2021-Aug-02 12:42 ± < 00:01","0.00110","0.00110","11.82","11.61","26.7","12 m -   27 m","1"
"(2021 PL132)","2021-Aug-02 17:20 ± < 00:01","0.00233","0.00232","12.69","12.60","28.2","6.1 m -   14 m","0"
"(2021 PY4)","2021-Aug-05 10:42 ±    00:04","0.00188","0.00187","17.47","17.39","26.5","13 m -   29 m","1"
"(2021 PK4)","2021-Aug-06 20:06 ±    00:02","0.00160","0.00159","12.11","11.97","28.2","6.1 m -   14 m","0"
"(2021 PA17)","2021-Aug-14 14:11 ±    00:03","0.00045","0.00045","17.43","17.08","27.8","7.3 m -   16 m","1"
"(2021 QD1)","2021-Aug-27 20:54 ± < 00:01","0.00204","0.00204","5.74","5.51","28.7","4.8 m -   11 m","0"
"(2021 QV3)","2021-Aug-28 23:42 ± < 00:01","0.00085","0.00085","9.10","8.75","30.2","2.4 m -  5.3 m","0"
"(2021 RN5)","2021-Sep-02 07:43 ± < 00:01","0.00253","0.00252","14.15","14.07","27.6","8.1 m -   18 m","0"
"(2021 RD239)","2021-Sep-02 20:40 ±    00:18","0.00147","0.00145","9.73","9.54","28.4","5.6 m -   12 m","0"
"(2021 RT4)","2021-Sep-06 09:22 ± < 00:01","0.00177","0.00177","9.67","9.51","28.2","6.2 m -   14 m","0"
"(2021 RS100)","2021-Sep-07 06:02 ±    00:10","0.00128","0.00126","20.15","20.04","28.8","4.7 m -   11 m","0"
"(2021 RS2)","2021-Sep-08 07:28 ± < 00:01","0.00015","0.00015","17.60","16.53","30.4","2.3 m -  5.1 m","1"
"(2021 RP2)","2021-Sep-08 13:50 ± < 00:01","0.00080","0.00080","5.11","4.41","30.3","2.3 m -  5.2 m","0"
"(2021 RS5)","2021-Sep-08 15:14 ± < 00:01","0.00092","0.00092","8.01","7.64","28.4","5.7 m -   13 m","0"
"(2021 RQ2)","2021-Sep-09 00:43 ± < 00:01","0.00126","0.00125","3.82","3.22","29.5","3.3 m -  7.3 m","0"
"(2021 RB6)","2021-Sep-09 16:16 ± < 00:01","0.00172","0.00172","9.38","9.22","28.0","6.6 m -   15 m","0"
"(2021 RG6)","2021-Sep-11 15:31 ± < 00:01","0.00057","0.00057","7.41","6.75","28.9","4.4 m -  9.8 m","1"
"(2021 RG12)","2021-Sep-11 18:47 ± < 00:01","0.00217","0.00217","3.03","2.60","29.2","3.9 m -  8.7 m","0"
"(2021 RR5)","2021-Sep-12 17:44 ± < 00:01","0.00053","0.00053","8.97","8.39","28.4","5.6 m -   12 m","1"
"(2021 RF16)","2021-Sep-16 09:19 ± < 00:01","0.00213","0.00212","8.62","8.47","29.0","4.3 m -  9.6 m","0"
"(2021 SG)","2021-Sep-16 20:28 ± < 00:01","0.00164","0.00164","23.82","23.75","24.0","42 m -   94 m","3"
"(2021 SP)","2021-Sep-17 11:50 ± < 00:01","0.00009","0.00009","14.37","12.24","29.3","3.7 m -  8.3 m","2"
"(2021 SQ)","2021-Sep-20 14:53 ±    00:10","0.00184","0.00183","10.74","10.60","28.4","5.5 m -   12 m","0"
"(2021 SW1)","2021-Sep-26 21:07 ±    00:11","0.00182","0.00179","10.76","10.63","29.8","2.9 m -  6.5 m","0"
"(2021 SQ1)","2021-Sep-27 10:26 ±    00:01","0.00111","0.00111","13.40","13.22","28.8","4.6 m -   10 m","0"
"(2021 TT)","2021-Sep-30 14:17 ± < 00:01","0.00089","0.00088","15.94","15.75","27.9","6.9 m -   15 m","1"
"(2021 TX)","2021-Oct-01 21:29 ± < 00:01","0.00028","0.00028","17.72","17.18","31.2","1.5 m -  3.5 m","0"
"(2021 TV1)","2021-Oct-03 04:05 ± < 00:01","0.00108","0.00108","10.25","10.01","28.2","6.1 m -   14 m","0"
"(2021 TG1)","2021-Oct-03 21:41 ± < 00:01","0.00196","0.00195","11.01","10.89","28.2","6.1 m -   14 m","0"
"(2021 TQ4)","2021-Oct-06 11:56 ± < 00:01","0.00255","0.00255","6.23","6.06","29.9","2.7 m -  6.1 m","0"
"(2021 TT1)","2021-Oct-10 03:04 ± < 00:01","0.00251","0.00249","17.07","17.01","26.2","15 m -   34 m","1"
"(2021 TK11)","2021-Oct-11 01:21 ± < 00:01","0.00091","0.00091","10.28","10.00","28.6","5.2 m -   12 m","0"
"(2021 TT13)","2021-Oct-11 03:17 ± < 00:01","0.00036","0.00036","13.53","12.97","29.7","3.1 m -  6.8 m","0"
"(2021 TH15)","2021-Oct-11 05:59 ±    00:04","0.00211","0.00210","12.52","12.42","28.9","4.5 m - 10.0 m","0"
"(2021 TE13)","2021-Oct-12 09:59 ± < 00:01","0.00018","0.00018","10.87","9.41","29.4","3.6 m -  8.0 m","1"
"(2021 TM14)","2021-Oct-14 03:59 ± < 00:01","0.00098","0.00098","8.54","8.22","28.0","6.7 m -   15 m","1"
"(2021 UL)","2021-Oct-16 12:13 ± < 00:01","0.00024","0.00024","10.13","8.98","30.3","2.3 m -  5.2 m","0"
"(2021 TJ15)","2021-Oct-16 13:38 ± < 00:01","0.00257","0.00256","12.34","12.26","28.4","5.5 m -   12 m","0"
"(2021 TG14)","2021-Oct-18 00:51 ± < 00:01","0.00167","0.00167","11.40","11.26","28.2","6.1 m -   14 m","0"
"(2021 UT)","2021-Oct-24 10:49 ± < 00:01","0.00100","0.00100","11.22","10.98","29.3","3.7 m -  8.2 m","0"
"(2021 UO1)","2021-Oct-25 01:55 ± < 00:01","0.00102","0.00101","18.62","18.48","28.0","6.6 m -   15 m","1"
"(2021 UA1)","2021-Oct-25 03:07 ± < 00:01","0.00006","0.00006","15.84","12.89","31.8","1.1 m -  2.5 m","0"
"(2021 UA7)","2021-Oct-27 02:32 ±    00:06","0.00086","0.00085","27.77","27.66","28.8","4.7 m -   11 m","0"
"(2021 UH1)","2021-Oct-27 07:14 ± < 00:01","0.00048","0.00048","6.16","5.18","31.7","1.2 m -  2.8 m","0"
"(2021 UV5)","2021-Oct-29 01:00 ±    00:03","0.00077","0.00077","12.93","12.66","28.8","4.6 m -   10 m","0"
"(2021 UT5)","2021-Oct-29 12:50 ± < 00:01","0.00205","0.00205","12.14","12.03","28.4","5.7 m -   13 m","0"
"(2021 UF12)","2021-Oct-29 17:46 ± < 00:01","0.00161","0.00161","15.75","15.64","29.3","3.7 m -  8.2 m","0"
"(2021 UP120)","2021-Oct-29 20:09 ± < 00:01","0.00040","0.00038","13.58","13.08","32.5","0.83 m -  1.9 m","0"
"(2021 UO120)","2021-Oct-30 18:36 ± < 00:01","0.00109","0.00109","4.29","3.68","31.8","1.2 m -  2.6 m","0"
"(2021 UW1)","2021-Oct-30 20:28 ± < 00:01","0.00256","0.00255","13.82","13.74","26.2","16 m -   35 m","1"
"(2021 UJ6)","2021-Oct-31 00:36 ± < 00:01","0.00232","0.00231","17.30","17.24","28.3","6.0 m -   13 m","0"
"(2021 VH)","2021-Nov-01 10:33 ± < 00:01","0.00020","0.00020","7.70","5.66","29.6","3.1 m -  7.0 m","1"
"(2021 VK96)","2021-Nov-01 10:36 ± < 00:01","0.00245","0.00245","8.44","8.31","30.4","2.2 m -  4.9 m","0"
"(2021 VL96)","2021-Nov-04 22:55 ± < 00:01","0.00206","0.00203","13.90","13.80","30.3","2.4 m -  5.3 m","0"
"(2021 UO7)","2021-Nov-04 23:08 ± < 00:01","0.00247","0.00247","4.65","4.41","29.6","3.3 m -  7.3 m","0"
"(2021 VS11)","2021-Nov-07 09:54 ±    01:10","0.00204","0.00202","5.58","5.34","28.7","4.8 m -   11 m","0"
"(2021 VK3)","2021-Nov-07 16:55 ± < 00:01","0.00057","0.00057","14.41","14.08","30.5","2.2 m -  4.8 m","0"
"(2021 VL3)","2021-Nov-08 08:56 ± < 00:01","0.00111","0.00111","6.30","5.91","28.5","5.4 m -   12 m","0"
"(2021 VN3)","2021-Nov-08 09:56 ± < 00:01","0.00092","0.00092","9.30","8.99","30.6","2.0 m -  4.5 m","0"
"(2021 VM3)","2021-Nov-08 16:44 ± < 00:01","0.00204","0.00203","11.86","11.74","29.9","2.8 m -  6.3 m","0"
"(2021 VD8)","2021-Nov-09 13:59 ± < 00:01","0.00083","0.00083","11.98","11.71","30.4","2.2 m -  5.0 m","0"
"(2021 VP11)","2021-Nov-09 16:12 ±    00:01","0.00039","0.00036","9.74","9.00","31.8","1.2 m -  2.6 m","0"
"(2021 VM96)","2021-Nov-09 22:25 ± < 00:01","0.00168","0.00153","16.10","16.01","32.0","1.0 m -  2.3 m","0"
"(2021 VU4)","2021-Nov-10 19:48 ± < 00:01","0.00072","0.00072","16.11","15.88","28.4","5.5 m -   12 m","1"
"(2021 VY7)","2021-Nov-11 16:51 ± < 00:01","0.00214","0.00213","12.38","12.28","29.4","3.5 m -  7.9 m","0"
"(2021 VC7)","2021-Nov-12 07:49 ± < 00:01","0.00124","0.00123","18.59","18.48","28.3","5.8 m -   13 m","0"
"(2021 WP)","2021-Nov-21 14:01 ±    00:05","0.00104","0.00104","5.15","4.62","27.9","7.1 m -   16 m","1"
"(2021 WA1)","2021-Nov-26 13:45 ± < 00:01","0.00206","0.00206","13.90","13.81","27.7","7.7 m -   17 m","0"
"(2021 WC1)","2021-Nov-28 15:03 ±    00:01","0.00136","0.00136","11.70","11.53","28.5","5.3 m -   12 m","0"
"(2021 XV)","2021-Nov-30 04:16 ±    01:17","0.00099","0.00096","10.98","10.73","30.1","2.5 m -  5.7 m","0"
"(2021 WF3)","2021-Dec-01 18:36 ± < 00:01","0.00096","0.00096","11.67","11.43","29.4","3.5 m -  7.8 m","0"
"(2021 XL)","2021-Dec-01 22:44 ± < 00:01","0.00135","0.00135","10.38","10.18","28.8","4.6 m -   10 m","0"
"(2021 XF1)","2021-Dec-04 15:28 ±    00:02","0.00206","0.00205","7.82","7.65","29.5","3.3 m -  7.3 m","0"
"(2021 XC2)","2021-Dec-05 04:54 ± < 00:01","0.00212","0.00211","9.50","9.37","29.8","3.0 m -  6.6 m","0"
"(2021 XZ5)","2021-Dec-09 20:33 ±    00:04","0.00214","0.00214","7.88","7.72","28.3","5.8 m -   13 m","0"
"(2021 XU5)","2021-Dec-09 21:45 ±    00:16","0.00160","0.00153","19.24","19.15","29.4","3.5 m -  7.8 m","0"
"(2021 XV4)","2021-Dec-10 18:50 ± < 00:01","0.00120","0.00119","20.11","20.00","28.6","5.0 m -   11 m","0"
"(2021 XX4)","2021-Dec-11 15:11 ± < 00:01","0.00251","0.00250","13.51","13.44","28.6","5.1 m -   11 m","0"
"(2021 XA11)","2021-Dec-11 18:55 ± < 00:01","0.00062","0.00060","11.99","11.63","28.3","5.8 m -   13 m","1"
"(2021 XC6)","2021-Dec-16 08:10 ± < 00:01","0.00140","0.00140","10.36","10.18","28.3","5.8 m -   13 m","0"
"(2021 YK)","2022-Jan-02 16:03 ± < 00:01","0.00127","0.00127","7.04","6.74","27.4","9.0 m -   20 m","1"
"(2022 AP1)","2022-Jan-02 16:56 ± < 00:01","0.00121","0.00120","10.64","10.43","28.4","5.6 m -   12 m","0"
"(2022 AU)","2022-Jan-03 03:05 ± < 00:01","0.00213","0.00213","7.23","7.05","29.1","4.0 m -  8.9 m","0"
"(2022 AO1)","2022-Jan-03 16:19 ± < 00:01","0.00232","0.00232","14.08","14.00","29.6","3.2 m -  7.1 m","0"
"(2022 AV13)","2022-Jan-05 06:41 ±    00:07","0.00073","0.00072","7.53","7.03","31.8","1.1 m -  2.6 m","0"
"(2022 AY4)","2022-Jan-06 04:07 ±    00:02","0.00202","0.00201","17.21","17.13","29.7","3.1 m -  6.8 m","0"
"(2022 AY54)","2022-Jan-07 16:20 ± < 00:01","0.00173","0.00163","17.83","17.75","30.3","2.4 m -  5.3 m","0"
"(2022 AY5)","2022-Jan-10 10:35 ± < 00:01","0.00068","0.00068","9.17","8.74","29.2","3.8 m -  8.6 m","0"
"(2022 AC7)","2022-Jan-10 20:41 ± < 00:01","0.00103","0.00103","5.31","4.80","30.1","2.5 m -  5.6 m","0"
"(2022 AC4)","2022-Jan-11 05:19 ± < 00:01","0.00062","0.00061","8.37","7.83","29.1","4.1 m -  9.1 m","0"
"(2022 BN)","2022-Jan-23 14:14 ± < 00:01","0.00062","0.00062","15.29","15.00","28.5","5.4 m -   12 m","1"
"(2022 BT)","2022-Jan-24 06:21 ± < 00:01","0.00068","0.00068","4.75","3.83","29.8","2.9 m -  6.5 m","0"
"(2022 BA7)","2022-Jan-25 14:33 ±    00:02","0.00066","0.00066","9.70","9.27","30.9","1.8 m -  4.0 m","0"
"(2022 BD1)","2022-Jan-27 00:53 ± < 00:01","0.00124","0.00123","26.14","26.06","29.3","3.6 m -  8.1 m","0"
"(2022 BH3)","2022-Jan-27 17:22 ± < 00:01","0.00211","0.00211","12.24","12.13","26.3","14 m -   32 m","1"
"(2022 BN2)","2022-Jan-28 22:59 ± < 00:01","0.00188","0.00188","9.22","9.06","29.8","3.0 m -  6.6 m","0"
"(2022 CE)","2022-Feb-01 02:41 ± < 00:01","0.00140","0.00140","5.03","4.64","27.9","6.8 m -   15 m","0"
"(2022 CG)","2022-Feb-02 12:50 ± < 00:01","0.00231","0.00231","7.57","7.42","26.2","15 m -   34 m","1"
"(2022 CY1)","2022-Feb-02 17:31 ±    00:16","0.00183","0.00181","12.27","12.15","28.1","6.4 m -   14 m","0"
"(2022 CU4)","2022-Feb-05 08:50 ± < 00:01","0.00220","0.00219","4.71","4.45","29.3","3.6 m -  8.1 m","0"
"(2022 CB3)","2022-Feb-05 21:27 ± < 00:01","0.00056","0.00056","17.09","16.81","30.5","2.1 m -  4.7 m","0"
"(2022 CD3)","2022-Feb-08 02:59 ± < 00:01","0.00192","0.00191","11.20","11.08","28.6","5.1 m -   11 m","0"
"(2022 CJ5)","2022-Feb-10 10:52 ± < 00:01","0.00021","0.00021","11.63","10.50","30.3","2.3 m -  5.2 m","1"
"(2022 CG7)","2022-Feb-12 15:29 ±    00:01","0.00034","0.00034","15.45","14.93","28.6","5.0 m -   11 m","1"
"(2022 CL7)","2022-Feb-13 15:42 ±    00:01","0.00056","0.00056","9.98","9.49","29.7","3.1 m -  7.0 m","0"
"(2022 CF7)","2022-Feb-14 03:18 ± < 00:01","0.00213","0.00213","8.60","8.45","28.0","6.7 m -   15 m","0"
"(2022 CO6)","2022-Feb-15 08:53 ± < 00:01","0.00150","0.00150","9.34","9.15","26.1","16 m -   37 m","2"
"(2022 DY1)","2022-Feb-24 17:55 ± < 00:01","0.00149","0.00149","14.26","14.13","27.9","6.9 m -   15 m","0"
"(2022 DO3)","2022-Feb-27 05:12 ± < 00:01","0.00088","0.00088","15.03","14.82","26.9","11 m -   25 m","1"
"(2022 DY29)","2022-Feb-27 13:09 ± < 00:01","0.00196","0.00196","10.32","10.19","29.8","3.0 m -  6.6 m","0"
"(2022 DZ29)","2022-Feb-28 10:49 ± < 00:01","0.00070","0.00070","9.46","9.05","31.1","1.6 m -  3.5 m","0"
"(2022 DM4)","2022-Mar-02 03:10 ± < 00:01","0.00174","0.00173","9.10","8.93","29.2","3.8 m -  8.6 m","0"
"(2022 ET)","2022-Mar-02 13:19 ± < 00:01","0.00182","0.00182","7.32","7.12","30.2","2.4 m -  5.4 m","0"
"(2022 EQ)","2022-Mar-03 04:34 ± < 00:01","0.00097","0.00097","11.45","11.21","29.7","3.0 m -  6.8 m","0"
"(2022 EF1)","2022-Mar-04 01:40 ± < 00:01","0.00188","0.00188","10.71","10.58","29.0","4.3 m -  9.5 m","0"
"(2022 EE5)","2022-Mar-08 16:28 ± < 00:01","0.00068","0.00068","4.41","3.41","30.1","2.5 m -  5.5 m","0"
"(2022 EV3)","2022-Mar-09 14:13 ± < 00:01","0.00053","0.00053","10.46","9.97","29.8","2.9 m -  6.4 m","0"
"(2022 ES3)","2022-Mar-13 19:18 ± < 00:01","0.00223","0.00222","18.32","18.26","27.2","9.8 m -   22 m","0"
"(2022 FA)","2022-Mar-15 01:52 ± < 00:01","0.00126","0.00126","10.16","9.95","27.1","9.9 m -   22 m","1"
"(2022 FZ3)","2022-Mar-24 05:19 ±    00:01","0.00204","0.00204","8.47","8.31","28.9","4.5 m - 10.0 m","0"
"(2022 FD1)","2022-Mar-25 09:13 ± < 00:01","0.00010","0.00010","18.51","17.00","31.1","1.6 m -  3.7 m","1"
"(2022 FA1)","2022-Mar-26 08:52 ± < 00:01","0.00176","0.00176","13.37","13.25","29.3","3.7 m -  8.4 m","0"
"(2022 FB2)","2022-Mar-28 15:58 ± < 00:01","0.00100","0.00100","13.70","13.50","26.8","12 m -   26 m","1"
"(2022 GX2)","2022-Mar-30 11:37 ±    00:48","0.00098","0.00097","9.81","9.53","29.3","3.6 m -  8.1 m","0"
"(2022 GB)","2022-Mar-30 18:19 ± < 00:01","0.00189","0.00189","8.23","8.05","29.4","3.5 m -  7.8 m","0"
"(2022 GB2)","2022-Mar-30 18:42 ± < 00:01","0.00148","0.00148","6.01","5.70","28.9","4.4 m -  9.8 m","0"
"(2022 GC)","2022-Apr-01 01:48 ± < 00:01","0.00035","0.00035","15.60","15.11","29.0","4.2 m -  9.4 m","1"
"(2022 GQ)","2022-Apr-01 16:59 ± < 00:01","0.00036","0.00036","6.95","5.80","30.4","2.2 m -  4.9 m","0"
"(2022 GN1)","2022-Apr-06 03:02 ± < 00:01","0.00084","0.00084","15.51","15.30","27.8","7.3 m -   16 m","1"
"(2022 GZ1)","2022-Apr-06 11:58 ± < 00:01","0.00160","0.00160","11.22","11.07","28.9","4.4 m -  9.9 m","0"
"(2022 GQ1)","2022-Apr-07 11:24 ± < 00:01","0.00149","0.00149","7.77","7.53","28.1","6.5 m -   14 m","0"
"(2022 GQ5)","2022-Apr-08 16:20 ± < 00:01","0.00013","0.00013","14.18","12.61","31.7","1.2 m -  2.7 m","0"
"(2022 GF3)","2022-Apr-09 16:40 ± < 00:01","0.00151","0.00151","17.37","17.27","27.9","7.0 m -   16 m","0"
"(2022 HM)","2022-Apr-21 01:42 ± < 00:01","0.00164","0.00164","14.61","14.50","27.6","8.2 m -   18 m","0"
"(2022 HB1)","2022-Apr-26 21:52 ± < 00:01","0.00134","0.00134","14.14","14.00","27.3","9.2 m -   21 m","1"
"(2022 JV)","2022-May-05 05:11 ± < 00:01","0.00213","0.00212","9.66","9.52","29.6","3.1 m -  7.0 m","0"
"(2022 JN11)","2022-May-05 11:30 ± < 00:01","0.00177","0.00176","6.50","6.26","29.4","3.5 m -  7.8 m","0"
"(2022 JM2)","2022-May-06 18:23 ± < 00:01","0.00103","0.00103","29.80","29.71","27.9","7.0 m -   16 m","1"
"(2022 JM)","2022-May-09 20:41 ± < 00:01","0.00253","0.00253","4.93","4.71","28.8","4.6 m -   10 m","0"
"(2022 JO1)","2022-May-10 12:47 ± < 00:01","0.00046","0.00046","13.87","13.45","27.2","9.5 m -   21 m","2"
"(2022 KG1)","2022-May-22 11:11 ± < 00:01","0.00040","0.00040","9.11","8.36","28.9","4.5 m -   10 m","1"
"(2022 KP6)","2022-May-25 15:05 ± < 00:01","0.00012","0.00012","9.88","7.21","29.4","3.5 m -  7.8 m","2"
"(2022 KO3)","2022-May-30 17:32 ± < 00:01","0.00195","0.00195","9.74","9.60","28.1","6.5 m -   15 m","0"
"(2022 KQ5)","2022-May-30 17:40 ± < 00:01","0.00027","0.00027","7.31","5.81","29.1","4.0 m -  9.0 m","1"
"(2022 LU2)","2022-Jun-08 00:02 ± < 00:01","0.00111","0.00111","9.83","9.58","27.8","7.2 m -   16 m","1"
"(2022 MJ15)","2022-Jun-20 12:24 ± < 00:01","0.00106","0.00105","7.47","7.12","31.2","1.6 m -  3.5 m","0"
"(2022 MN1)","2022-Jun-28 09:29 ± < 00:01","0.00239","0.00239","9.87","9.75","27.3","9.3 m -   21 m","0"
"(2022 MJ3)","2022-Jul-01 12:44 ± < 00:01","0.00101","0.00101","8.77","8.46","29.6","3.3 m -  7.3 m","0"
"(2022 NK)","2022-Jul-02 13:07 ± < 00:01","0.00212","0.00211","12.39","12.29","27.3","9.3 m -   21 m","0"
"(2022 NE)","2022-Jul-06 10:56 ± < 00:01","0.00091","0.00091","10.68","10.40","28.6","4.9 m -   11 m","0"
"(2022 NF)","2022-Jul-07 13:44 ± < 00:01","0.00059","0.00059","11.41","11.01","28.5","5.4 m -   12 m","1"
"(2022 NR)","2022-Jul-10 08:17 ± < 00:01","0.00257","0.00257","8.30","8.17","25.9","18 m -   40 m","1"
"(2022 OR1)","2022-Jul-15 18:17 ± < 00:01","0.00232","0.00232","4.68","4.43","28.0","6.8 m -   15 m","0"
"(2022 PW40)","2022-Aug-05 13:45 ± < 00:01","0.00088","0.00087","6.90","6.45","31.9","1.1 m -  2.5 m","0"
"(2022 PW1)","2022-Aug-08 18:58 ±    00:05","0.00163","0.00163","8.60","8.40","27.7","7.6 m -   17 m","0"
"(2022 QN4)","2022-Aug-11 10:31 ±    00:18","0.00109","0.00109","11.63","11.41","26.7","12 m -   27 m","1"
"(2022 QA)","2022-Aug-16 21:34 ± < 00:01","0.00200","0.00200","15.23","15.14","26.9","11 m -   24 m","1"
"(2022 QO2)","2022-Aug-20 07:46 ±    00:02","0.00137","0.00137","18.08","17.98","27.7","7.8 m -   17 m","1"
"(2022 QW1)","2022-Aug-20 14:42 ± < 00:01","0.00137","0.00137","10.92","10.74","27.1","10 m -   23 m","1"
"(2022 QC265)","2022-Aug-20 19:34 ± < 00:01","0.00149","0.00145","13.13","13.00","29.6","3.2 m -  7.1 m","0"
"(2022 QE1)","2022-Aug-20 19:59 ± < 00:01","0.00124","0.00123","6.35","6.00","28.3","5.7 m -   13 m","0"
"(2022 QF265)","2022-Aug-24 09:38 ± < 00:01","0.00233","0.00228","11.57","11.47","30.0","2.6 m -  5.9 m","0"
"(2022 QE265)","2022-Aug-24 09:55 ± < 00:01","0.00176","0.00175","10.06","9.90","29.0","4.3 m -  9.6 m","0"
"(2022 RL)","2022-Aug-31 08:39 ± < 00:01","0.00094","0.00094","8.29","7.94","28.7","4.8 m -   11 m","0"
"(2022 QG265)","2022-Aug-31 23:27 ± < 00:01","0.00128","0.00126","12.04","11.87","30.2","2.4 m -  5.4 m","0"
"(2022 RT1)","2022-Sep-01 01:18 ± < 00:01","0.00022","0.00022","17.73","17.04","31.5","1.4 m -  3.0 m","0"
"(2022 RB2)","2022-Sep-03 20:59 ± < 00:01","0.00177","0.00177","13.02","12.91","27.5","8.4 m -   19 m","0"
"(2022 SJ3)","2022-Sep-17 11:04 ±    00:01","0.00093","0.00093","15.79","15.60","30.5","2.1 m -  4.6 m","0"
"(2022 SX55)","2022-Sep-17 13:34 ±    00:08","0.00037","0.00037","12.61","12.02","30.2","2.4 m -  5.4 m","0"
"(2022 SL301)","2022-Sep-19 20:31 ± < 00:01","0.00108","0.00103","12.62","12.42","31.1","1.6 m -  3.6 m","0"
"(2022 SK4)","2022-Sep-19 21:41 ± < 00:01","0.00010","0.00010","13.01","10.76","30.4","2.3 m -  5.1 m","1"
"(2022 SD9)","2022-Sep-23 21:36 ± < 00:01","0.00165","0.00165","13.52","13.40","28.4","5.6 m -   12 m","0"
"(2022 SF19)","2022-Sep-24 23:56 ±    00:02","0.00113","0.00112","12.69","12.50","29.3","3.7 m -  8.2 m","0"
"(2022 TL)","2022-Oct-01 23:45 ±    00:05","0.00253","0.00252","16.35","16.28","27.9","6.9 m -   15 m","0"
"(2022 TD)","2022-Oct-06 03:53 ± < 00:01","0.00249","0.00249","10.11","10.00","27.7","7.6 m -   17 m","0"
"(2022 TY3)","2022-Oct-12 19:26 ±    00:19","0.00112","0.00111","26.86","26.78","26.7","12 m -   27 m","1"
"(2022 TW2)","2022-Oct-13 02:53 ± < 00:01","0.00180","0.00180","4.30","3.94","28.6","5.2 m -   12 m","0"
"(2022 TQ2)","2022-Oct-13 05:08 ± < 00:01","0.00113","0.00113","12.58","12.39","27.0","11 m -   24 m","1"
"(2022 TM2)","2022-Oct-15 09:18 ± < 00:01","0.00141","0.00140","15.48","15.36","25.2","24 m -   53 m","2"
"(2022 UY123)","2022-Oct-16 19:39 ± < 00:01","0.00179","0.00176","8.71","8.54","30.6","2.0 m -  4.5 m","0"
"(2022 UG3)","2022-Oct-16 22:27 ± < 00:01","0.00043","0.00043","15.52","15.12","29.3","3.6 m -  8.1 m","1"
"(2022 UA5)","2022-Oct-17 12:31 ± < 00:01","0.00112","0.00112","4.49","3.93","29.9","2.7 m -  6.1 m","0"
"(2022 UE146)","2022-Oct-18 19:11 ± < 00:01","0.00181","0.00178","6.91","6.70","32.0","1.1 m -  2.4 m","0"
"(2022 UR4)","2022-Oct-20 22:45 ± < 00:01","0.00011","0.00011","15.22","13.60","28.9","4.4 m -  9.7 m","2"
"(2022 UU123)","2022-Oct-22 19:15 ± < 00:01","0.00166","0.00165","8.18","7.98","30.6","2.0 m -  4.6 m","0"
"(2022 UY5)","2022-Oct-22 21:41 ± < 00:01","0.00153","0.00153","7.91","7.69","27.3","9.4 m -   21 m","1"
"(2022 UV10)","2022-Oct-24 02:15 ± < 00:01","0.00232","0.00232","9.14","9.01","28.1","6.3 m -   14 m","0"
"(2022 UC7)","2022-Oct-24 02:45 ± < 00:01","0.00232","0.00232","10.02","9.91","27.7","7.7 m -   17 m","0"
"(2022 UQ40)","2022-Oct-24 02:48 ± < 00:01","0.00063","0.00063","8.97","8.49","28.3","5.8 m -   13 m","1"
"(2022 UV7)","2022-Oct-24 09:30 ± < 00:01","0.00163","0.00163","12.56","12.43","29.5","3.3 m -  7.5 m","0"
"(2022 UL147)","2022-Oct-25 12:12 ± < 00:01","0.00062","0.00062","13.89","13.57","30.5","2.1 m -  4.7 m","0"
"(2022 UC14)","2022-Oct-26 11:06 ±    00:02","0.00150","0.00150","6.53","6.25","29.7","3.1 m -  6.9 m","0"
"(2022 UW14)","2022-Oct-27 17:15 ± < 00:01","0.00183","0.00183","8.60","8.43","28.8","4.7 m -   11 m","0"
"(2022 UB13)","2022-Oct-27 20:44 ± < 00:01","0.00209","0.00209","7.44","7.27","29.9","2.8 m -  6.2 m","0"
"(2022 UU63)","2022-Oct-27 21:01 ± < 00:01","0.00051","0.00050","12.93","12.52","31.0","1.7 m -  3.7 m","0"
"(2022 UA14)","2022-Oct-27 22:49 ± < 00:01","0.00218","0.00218","11.59","11.48","28.3","5.7 m -   13 m","0"
"(2022 VH)","2022-Oct-28 22:42 ±    00:10","0.00218","0.00218","13.80","13.71","26.4","14 m -   31 m","1"
"(2022 UW16)","2022-Oct-29 10:15 ±    00:03","0.00026","0.00026","12.32","11.45","28.9","4.4 m -  9.9 m","1"
"(2022 UW15)","2022-Oct-30 11:44 ± < 00:01","0.00081","0.00080","7.90","7.47","30.2","2.5 m -  5.5 m","0"
"(2022 UK24)","2022-Oct-31 16:42 ± < 00:01","0.00252","0.00251","15.99","15.92","28.1","6.3 m -   14 m","0"
"(2022 VG1)","2022-Oct-31 20:59 ±    00:02","0.00120","0.00120","12.03","11.84","28.9","4.4 m -  9.9 m","0"
"(2022 WM3)","2022-Nov-20 02:52 ± < 00:01","0.00132","0.00132","6.38","6.05","28.4","5.5 m -   12 m","0"
"(2022 WR4)","2022-Nov-22 02:50 ± < 00:01","0.00178","0.00177","8.43","8.25","30.0","2.6 m -  5.9 m","0"
"(2022 WO6)","2022-Nov-23 00:07 ±    00:01","0.00213","0.00213","7.42","7.25","29.0","4.2 m -  9.3 m","0"
"(2022 WS27)","2022-Nov-23 12:18 ± < 00:01","0.00226","0.00221","10.04","9.92","30.4","2.3 m -  5.0 m","0"
"(2022 WT27)","2022-Nov-23 17:40 ± < 00:01","0.00102","0.00102","8.14","7.81","32.3","0.91 m -  2.0 m","0"
"(2022 WS10)","2022-Nov-27 05:44 ±    00:02","0.00183","0.00183","9.52","9.37","26.6","13 m -   29 m","1"
"(2022 WN9)","2022-Nov-27 22:32 ± < 00:01","0.00032","0.00032","16.93","16.43","29.6","3.3 m -  7.3 m","1"
"(2022 WM7)","2022-Nov-28 02:24 ± < 00:01","0.00053","0.00052","11.58","11.13","29.9","2.8 m -  6.3 m","0"
"(2022 WE11)","2022-Nov-29 02:34 ± < 00:01","0.00198","0.00197","9.94","9.80","29.9","2.8 m -  6.3 m","0"
"(2022 XL)","2022-Dec-01 05:26 ±    00:01","0.00101","0.00101","9.84","9.57","29.3","3.7 m -  8.2 m","0"
"(2022 XB)","2022-Dec-02 21:31 ±    00:01","0.00252","0.00252","9.06","8.94","28.7","4.9 m -   11 m","0"
"(2022 XX)","2022-Dec-14 10:43 ±    00:09","0.00139","0.00139","6.65","6.35","28.7","4.8 m -   11 m","0"
"(2022 YO1)","2022-Dec-17 18:40 ± < 00:01","0.00018","0.00018","15.40","14.43","30.0","2.6 m -  5.9 m","1"
"(2022 YJ)","2022-Dec-18 11:54 ± < 00:01","0.00188","0.00188","24.78","24.73","28.9","4.3 m -  9.7 m","0"
"(2022 YX1)","2022-Dec-18 16:55 ± < 00:01","0.00176","0.00176","7.62","7.42","28.4","5.5 m -   12 m","0"
"(2022 YG2)","2022-Dec-22 18:05 ± < 00:01","0.00244","0.00244","6.38","6.21","28.9","4.5 m -   10 m","0"
"(2022 YW6)","2022-Dec-23 10:30 ±    00:06","0.00141","0.00139","29.84","29.78","28.7","4.8 m -   11 m","0"
"(2022 YX2)","2022-Dec-24 19:34 ± < 00:01","0.00154","0.00154","11.27","11.12","28.5","5.4 m -   12 m","0"
"(2022 YA6)","2022-Dec-26 07:59 ± < 00:01","0.00095","0.00095","12.60","12.37","27.9","7.1 m -   16 m","1"
"(2022 YR4)","2022-Dec-27 07:02 ± < 00:01","0.00201","0.00201","7.67","7.49","28.7","4.8 m -   11 m","0"
"(2023 AC1)","2023-Jan-12 03:37 ±    00:01","0.00163","0.00162","13.99","13.87","29.0","4.2 m -  9.5 m","0"
"(2023 AV)","2023-Jan-12 20:09 ±    00:05","0.00010","0.00010","15.05","13.24","30.7","2.0 m -  4.4 m","1"
"(2023 AN6)","2023-Jan-15 12:51 ± < 00:01","0.00065","0.00065","14.05","13.76","30.6","2.0 m -  4.4 m","0"
"(2023 BY2)","2023-Jan-21 03:24 ± < 00:01","0.00169","0.00169","17.82","17.73","29.5","3.4 m -  7.5 m","0"
"(2023 BX5)","2023-Jan-25 15:27 ±    00:04","0.00224","0.00224","10.22","10.10","28.4","5.5 m -   12 m","0"
"(2023 BL1)","2023-Jan-25 19:38 ± < 00:01","0.00150","0.00150","14.66","14.54","26.2","15 m -   34 m","1"
"(2023 BL2)","2023-Jan-26 04:32 ± < 00:01","0.00248","0.00248","10.54","10.44","29.1","4.0 m -  8.9 m","0"
"(2023 BU)","2023-Jan-27 00:29 ± < 00:01","0.00007","0.00007","9.27","2.43","29.7","3.1 m -  6.9 m","2"
"(2023 BZ3)","2023-Jan-27 00:41 ± < 00:01","0.00188","0.00187","6.76","6.54","29.1","4.1 m -  9.1 m","0"
"(2023 CK)","2023-Jan-30 07:54 ±    00:02","0.00070","0.00070","9.60","9.19","27.0","10 m -   23 m","2"
"(2023 BJ7)","2023-Jan-30 13:34 ± < 00:01","0.00248","0.00248","8.00","7.86","28.8","4.7 m -   11 m","0"
"(2023 CG4)","2023-Feb-09 21:18 ±    00:52","0.00184","0.00180","12.13","12.01","29.2","3.8 m -  8.5 m","0"
"(2023 DR)","2023-Feb-25 05:47 ± < 00:01","0.00051","0.00051","13.96","13.58","29.9","2.8 m -  6.2 m","0"
"(2023 EN)","2023-Mar-09 11:25 ± < 00:01","0.00091","0.00091","12.82","12.59","28.1","6.4 m -   14 m","1"
"(2023 ET2)","2023-Mar-12 18:26 ±    00:28","0.00105","0.00103","13.46","13.27","30.6","2.1 m -  4.6 m","0"
"(2023 EY)","2023-Mar-17 11:35 ± < 00:01","0.00160","0.00160","8.12","7.92","26.8","12 m -   26 m","1"
"(2023 FX48)","2023-Mar-18 19:31 ± < 00:01","0.00149","0.00143","7.95","7.72","31.4","1.4 m -  3.1 m","0"
"(2023 FO)","2023-Mar-19 06:36 ± < 00:01","0.00231","0.00230","6.23","6.04","29.4","3.4 m -  7.7 m","0"
"(2023 FZ48)","2023-Mar-20 09:51 ± < 00:01","0.00120","0.00119","10.42","10.21","29.5","3.3 m -  7.4 m","0"
"(2023 FN6)","2023-Mar-25 12:23 ± < 00:01","0.00152","0.00152","17.98","17.88","29.1","4.0 m -  9.0 m","0"
"(2023 DZ2)","2023-Mar-25 19:51 ± < 00:01","0.00117","0.00117","7.78","7.48","24.3","37 m -   83 m","3"
"(2023 FH7)","2023-Mar-30 18:08 ± < 00:01","0.00111","0.00110","8.69","8.40","28.8","4.6 m -   10 m","0"
"(2023 GQ)","2023-Apr-11 11:35 ± < 00:01","0.00089","0.00089","20.57","20.43","28.4","5.5 m -   12 m","0"
"(2023 GP3)","2023-Apr-11 17:26 ± < 00:01","0.00173","0.00173","8.13","7.93","28.6","5.1 m -   11 m","0"
"(2023 HE)","2023-Apr-14 18:42 ± < 00:01","0.00205","0.00205","13.88","13.79","27.7","7.7 m -   17 m","0"
"(2023 HZ)","2023-Apr-15 05:58 ± < 00:01","0.00192","0.00191","13.04","12.93","29.1","4.1 m -  9.1 m","0"
"(2023 HB)","2023-Apr-17 06:58 ± < 00:01","0.00130","0.00130","12.25","12.08","30.5","2.1 m -  4.8 m","0"
"(2023 HH)","2023-Apr-18 12:48 ± < 00:01","0.00096","0.00096","10.62","10.36","29.0","4.3 m -  9.6 m","0"
"(2023 HT)","2023-Apr-18 16:17 ± < 00:01","0.00119","0.00119","10.72","10.50","30.0","2.7 m -  6.0 m","0"
"(2023 HO36)","2023-Apr-18 17:00 ±    00:02","0.00125","0.00124","8.69","8.44","30.6","2.1 m -  4.6 m","0"
"(2023 HK)","2023-Apr-20 05:07 ± < 00:01","0.00228","0.00228","15.93","15.85","27.2","9.7 m -   22 m","1"
"(2023 HW3)","2023-Apr-23 07:33 ± < 00:01","0.00140","0.00140","15.06","14.94","28.9","4.4 m -  9.8 m","0"
"(2023 HD7)","2023-Apr-30 19:22 ± < 00:01","0.00155","0.00155","11.43","11.27","28.6","5.1 m -   11 m","0"
"(2023 JO)","2023-May-08 20:14 ± < 00:01","0.00062","0.00062","18.83","18.59","29.2","3.8 m -  8.6 m","0"
"(2023 JF)","2023-May-09 23:41 ± < 00:01","0.00214","0.00214","7.07","6.90","27.6","7.8 m -   18 m","0"
"(2023 JA3)","2023-May-12 02:51 ±    00:05","0.00088","0.00088","8.00","7.62","29.7","3.0 m -  6.7 m","0"
"(2023 KT)","2023-May-17 19:35 ± < 00:01","0.00112","0.00111","8.76","8.48","28.4","5.7 m -   13 m","0"
"(2023 KS)","2023-May-22 10:01 ± < 00:01","0.00157","0.00157","18.21","18.12","27.6","7.8 m -   18 m","1"
"(2023 KK4)","2023-May-27 10:22 ± < 00:01","0.00231","0.00230","17.93","17.87","27.6","8.2 m -   18 m","0"
"(2023 KU4)","2023-May-27 11:38 ± < 00:01","0.00194","0.00194","7.19","7.00","28.2","6.2 m -   14 m","0"
"(2023 LC)","2023-Jun-07 01:42 ± < 00:01","0.00181","0.00181","4.41","4.07","28.7","4.9 m -   11 m","0"
"(2023 LS)","2023-Jun-09 00:58 ± < 00:01","0.00059","0.00059","4.51","3.37","29.9","2.7 m -  6.1 m","0"
"(2023 LP1)","2023-Jun-13 01:39 ±    00:03","0.00171","0.00171","13.40","13.28","29.7","3.1 m -  6.8 m","0"
"(2023 LZ)","2023-Jun-14 18:36 ± < 00:01","0.00212","0.00212","13.63","13.53","26.5","13 m -   30 m","1"
"(2023 LM1)","2023-Jun-15 22:50 ± < 00:01","0.00074","0.00074","9.19","8.79","28.5","5.3 m -   12 m","1"
"(2023 LE2)","2023-Jun-17 15:33 ± < 00:01","0.00105","0.00105","6.83","6.45","30.1","2.6 m -  5.7 m","0"
"(2023 MJ20)","2023-Jun-18 20:59 ± < 00:01","0.00030","0.00030","9.56","8.58","30.8","1.9 m -  4.1 m","0"
"(2023 MB3)","2023-Jun-20 03:13 ± < 00:01","0.00105","0.00105","8.95","8.67","30.0","2.7 m -  5.9 m","0"
"(2023 MD4)","2023-Jun-20 18:09 ± < 00:01","0.00194","0.00193","8.69","8.53","26.8","12 m -   26 m","1"
"(2023 MW2)","2023-Jun-23 07:16 ± < 00:01","0.00083","0.00083","9.81","9.48","30.0","2.7 m -  6.0 m","0"
"(2023 ML3)","2023-Jun-24 13:50 ± < 00:01","0.00174","0.00174","14.72","14.61","28.4","5.6 m -   13 m","0"
"(2023 MU2)","2023-Jun-25 23:19 ± < 00:01","0.00145","0.00145","4.52","4.09","29.1","4.0 m -  9.0 m","0"
"(2023 NO)","2023-Jul-05 22:12 ± < 00:01","0.00255","0.00255","7.95","7.82","28.6","4.9 m -   11 m","0"
"(2023 NT1)","2023-Jul-13 10:13 ± < 00:01","0.00067","0.00067","11.27","10.92","25.0","26 m -   58 m","3"
"(2023 QY)","2023-Aug-18 15:49 ±    00:11","0.00045","0.00044","13.22","12.77","28.6","5.0 m -   11 m","1"
"(2023 QS1)","2023-Aug-19 18:22 ± < 00:01","0.00072","0.00072","15.72","15.48","28.6","5.0 m -   11 m","1"
"(2023 QR)","2023-Aug-20 20:21 ± < 00:01","0.00139","0.00139","20.88","20.79","29.3","3.7 m -  8.2 m","0"
"(2023 RM16)","2023-Sep-05 12:58 ± < 00:01","0.00234","0.00234","8.68","8.55","28.9","4.4 m -  9.9 m","0"
"(2023 RF156)","2023-Sep-06 20:33 ± < 00:01","0.00242","0.00242","8.10","7.96","29.7","3.1 m -  7.0 m","0"
"(2023 RS)","2023-Sep-07 14:26 ± < 00:01","0.00007","0.00007","13.59","10.38","32.3","0.91 m -  2.0 m","0"
"(2023 RG22)","2023-Sep-07 18:55 ±    00:39","0.00255","0.00250","11.20","11.11","26.1","16 m -   35 m","1"
"(2023 RY2)","2023-Sep-08 06:42 ± < 00:01","0.00127","0.00126","10.49","10.28","28.3","5.8 m -   13 m","0"
"(2023 RK5)","2023-Sep-09 10:47 ± < 00:01","0.00188","0.00188","10.12","9.98","29.1","4.0 m -  9.0 m","0"
"(2023 RR5)","2023-Sep-13 13:11 ± < 00:01","0.00139","0.00139","13.79","13.65","28.8","4.7 m -   11 m","0"
"(2023 SR5)","2023-Sep-16 12:23 ±    00:12","0.00117","0.00116","9.35","9.10","28.7","4.9 m -   11 m","0"
"(2023 SC2)","2023-Sep-18 14:52 ± < 00:01","0.00116","0.00116","18.46","18.34","29.3","3.7 m -  8.2 m","0"
"(2023 SN1)","2023-Sep-20 07:42 ± < 00:01","0.00222","0.00222","16.20","16.12","29.3","3.6 m -  8.1 m","0"
"(2023 SL5)","2023-Sep-20 07:53 ±    00:03","0.00035","0.00035","13.89","13.33","28.8","4.6 m -   10 m","1"
"(2023 SM5)","2023-Sep-23 11:14 ± < 00:01","0.00251","0.00251","11.51","11.41","26.4","14 m -   32 m","1"
"(2023 SN8)","2023-Sep-24 09:35 ± < 00:01","0.00154","0.00153","8.29","8.08","28.0","6.6 m -   15 m","0"
"(2023 SP3)","2023-Sep-24 23:29 ± < 00:01","0.00220","0.00220","11.68","11.57","26.6","12 m -   28 m","1"
"(2023 SH7)","2023-Sep-25 16:50 ± < 00:01","0.00036","0.00036","8.62","7.71","31.6","1.3 m -  2.8 m","0"
"(2023 TY)","2023-Oct-03 22:37 ± < 00:01","0.00137","0.00136","13.13","12.98","29.1","3.9 m -  8.8 m","0"
"(2023 TR1)","2023-Oct-07 05:25 ± < 00:01","0.00072","0.00072","19.98","19.79","29.8","2.9 m -  6.4 m","0"
"(2023 TB1)","2023-Oct-07 13:26 ± < 00:01","0.00174","0.00174","9.36","9.19","29.3","3.7 m -  8.2 m","0"
"(2023 TK4)","2023-Oct-07 13:40 ±    00:10","0.00136","0.00135","14.23","14.09","28.7","4.8 m -   11 m","0"
"(2023 TJ4)","2023-Oct-07 21:08 ± < 00:01","0.00199","0.00198","12.55","12.45","29.4","3.6 m -  7.9 m","0"
"(2023 TZ65)","2023-Oct-10 02:27 ±    00:03","0.00120","0.00120","21.59","21.49","29.6","3.2 m -  7.0 m","0"
"(2023 TM3)","2023-Oct-10 12:57 ± < 00:01","0.00111","0.00111","11.51","11.30","26.9","11 m -   24 m","1"
"(2023 TV3)","2023-Oct-12 12:52 ± < 00:01","0.00056","0.00056","14.21","13.87","27.8","7.5 m -   17 m","1"
"(2023 TU15)","2023-Oct-12 23:46 ±    00:02","0.00195","0.00194","12.02","11.90","29.2","3.9 m -  8.8 m","0"
"(2023 TD7)","2023-Oct-14 11:11 ± < 00:01","0.00115","0.00114","10.09","9.86","29.2","3.8 m -  8.6 m","0"
"(2023 TO17)","2023-Oct-14 14:35 ± < 00:01","0.00036","0.00036","15.16","14.67","29.7","3.1 m -  6.9 m","0"
"(2023 UY)","2023-Oct-14 17:43 ±    00:02","0.00104","0.00104","8.03","7.71","30.0","2.7 m -  6.1 m","0"
"(2023 UB)","2023-Oct-15 19:08 ± < 00:01","0.00039","0.00039","15.55","15.11","30.1","2.6 m -  5.8 m","0"
"(2023 UX2)","2023-Oct-18 07:29 ± < 00:01","0.00136","0.00136","18.75","18.64","29.5","3.3 m -  7.5 m","0"
"(2023 UH9)","2023-Oct-18 17:12 ±    00:10","0.00070","0.00069","9.41","8.99","30.8","1.8 m -  4.1 m","0"
"(2023 UR10)","2023-Oct-20 04:24 ±    00:32","0.00009","0.00009","12.21","9.58","30.0","2.7 m -  6.1 m","1"
"(2023 TK15)","2023-Oct-20 07:16 ± < 00:01","0.00254","0.00254","21.95","21.90","25.9","18 m -   39 m","1"
"(2023 VA)","2023-Nov-02 05:37 ± < 00:01","0.00018","0.00018","11.30","9.90","28.6","5.1 m -   11 m","2"
"(2023 VG)","2023-Nov-02 18:29 ± < 00:01","0.00076","0.00076","8.53","8.11","28.3","5.9 m -   13 m","1"
"(2023 VE1)","2023-Nov-04 00:36 ± < 00:01","0.00023","0.00023","6.46","4.31","30.2","2.4 m -  5.4 m","1"
"(2023 VO1)","2023-Nov-04 20:19 ± < 00:01","0.00052","0.00052","16.36","16.05","29.6","3.2 m -  7.1 m","0"
"(2023 VS)","2023-Nov-07 01:18 ± < 00:01","0.00246","0.00246","3.54","3.22","29.8","2.9 m -  6.4 m","0"
"(2023 VB2)","2023-Nov-07 07:00 ± < 00:01","0.00022","0.00022","18.02","17.34","28.2","6.0 m -   13 m","2"
"(2023 VP3)","2023-Nov-07 08:57 ± < 00:01","0.00088","0.00088","6.64","6.17","29.5","3.4 m -  7.5 m","0"
"(2023 VD2)","2023-Nov-07 12:53 ± < 00:01","0.00038","0.00038","8.11","7.18","30.1","2.6 m -  5.7 m","0"
"(2023 VC4)","2023-Nov-08 06:55 ± < 00:01","0.00257","0.00257","9.51","9.40","27.0","11 m -   24 m","0"
"(2023 VD4)","2023-Nov-10 16:24 ± < 00:01","0.00097","0.00096","15.57","15.39","28.2","6.1 m -   14 m","1"
"(2023 WA)","2023-Nov-17 03:41 ± < 00:01","0.00018","0.00018","17.95","17.12","28.5","5.3 m -   12 m","2"
"(2023 WE2)","2023-Nov-19 10:07 ± < 00:01","0.00162","0.00162","7.26","7.03","27.0","10 m -   23 m","1"
"(2023 WZ1)","2023-Nov-20 20:24 ± < 00:01","0.00105","0.00105","16.52","16.37","28.9","4.3 m -  9.7 m","0"
"(2023 XG4)","2023-Nov-30 03:31 ±    00:06","0.00117","0.00117","8.82","8.55","27.9","7.1 m -   16 m","1"
"(2023 XJ)","2023-Dec-02 19:20 ± < 00:01","0.00071","0.00071","15.73","15.49","28.7","4.9 m -   11 m","1"
"(2023 XL2)","2023-Dec-03 23:54 ± < 00:01","0.00074","0.00074","7.82","7.35","30.2","2.5 m -  5.5 m","0"
"(2023 XJ1)","2023-Dec-06 18:57 ± < 00:01","0.00066","0.00066","20.04","19.84","27.6","7.9 m -   18 m","1"
"(2023 XQ10)","2023-Dec-08 16:46 ±    00:18","0.00149","0.00148","10.60","10.43","26.4","14 m -   31 m","1"
"(2023 XU5)","2023-Dec-08 17:36 ± < 00:01","0.00248","0.00248","8.61","8.48","27.2","9.7 m -   22 m","0"
"(2023 XW5)","2023-Dec-09 02:10 ± < 00:01","0.00050","0.00050","5.92","4.93","28.7","4.9 m -   11 m","1"
"(2023 XB4)","2023-Dec-09 06:13 ± < 00:01","0.00198","0.00198","10.07","9.94","28.2","6.1 m -   14 m","0"
"(2023 XQ16)","2023-Dec-13 14:35 ± < 00:01","0.00084","0.00084","3.16","1.92","30.6","2.0 m -  4.6 m","0"
"(2023 YP)","2023-Dec-23 02:19 ±    00:03","0.00238","0.00238","7.74","7.59","28.0","6.7 m -   15 m","0"
"(2020 YO3)","2023-Dec-23 02:44 ± < 00:01","0.00144","0.00144","16.45","16.34","24.7","30 m -   67 m","2"
"(2024 AL)","2023-Dec-31 08:07 ±    00:04","0.00239","0.00239","12.56","12.48","27.7","7.7 m -   17 m","0"
"(2024 AD)","2024-Jan-04 18:15 ± < 00:01","0.00162","0.00162","9.90","9.73","28.8","4.7 m -   11 m","0"
"(2024 AM4)","2024-Jan-11 09:50 ± < 00:01","0.00080","0.00080","3.20","1.88","28.7","4.8 m -   11 m","0"
"(2024 AG4)","2024-Jan-11 21:32 ±    00:11","0.00228","0.00227","11.97","11.87","28.4","5.5 m -   12 m","0"
"(2024 AZ3)","2024-Jan-14 20:23 ±    00:08","0.00166","0.00166","10.02","9.86","28.8","4.7 m -   10 m","0"
"(2024 BA16)","2024-Jan-15 08:11 ±    00:05","0.00094","0.00093","8.94","8.62","28.9","4.3 m -  9.7 m","0"
"(2024 BQ1)","2024-Jan-20 10:25 ± < 00:01","0.00231","0.00231","6.60","6.42","30.1","2.6 m -  5.8 m","0"
"(2024 BR2)","2024-Jan-22 11:58 ± < 00:01","0.00196","0.00196","4.04","3.69","27.1","10 m -   23 m","1"
"(2024 BJ)","2024-Jan-27 17:29 ± < 00:01","0.00236","0.00236","6.35","6.17","26.3","15 m -   33 m","1"
"(2024 CK1)","2024-Feb-08 09:29 ± < 00:01","0.00152","0.00152","12.06","11.91","29.4","3.6 m -  8.0 m","0"
"(2024 CJ1)","2024-Feb-09 20:10 ± < 00:01","0.00246","0.00245","7.63","7.48","28.4","5.5 m -   12 m","0"
"(2024 CH4)","2024-Feb-11 06:10 ±    00:03","0.00073","0.00073","24.01","23.86","27.7","7.7 m -   17 m","1"
"(2024 CY1)","2024-Feb-12 07:32 ± < 00:01","0.00081","0.00081","14.53","14.30","29.2","3.8 m -  8.5 m","0"
"(2024 CM5)","2024-Feb-12 15:42 ± < 00:01","0.00094","0.00094","10.76","10.50","28.3","5.7 m -   13 m","0"
"(2024 CT6)","2024-Feb-16 21:24 ± < 00:01","0.00240","0.00240","20.94","20.89","29.2","3.9 m -  8.6 m","0"
"(2024 CF7)","2024-Feb-17 05:12 ±    00:01","0.00071","0.00071","10.61","10.25","29.5","3.4 m -  7.6 m","0"
"(2024 DY)","2024-Feb-18 15:28 ± < 00:01","0.00115","0.00115","11.82","11.62","29.0","4.2 m -  9.3 m","0"
"(2024 DW)","2024-Feb-22 04:37 ± < 00:01","0.00150","0.00150","17.90","17.80","27.1","9.9 m -   22 m","1"
"(2024 EF)","2024-Mar-04 07:00 ± < 00:01","0.00039","0.00038","8.64","7.80","29.1","3.9 m -  8.8 m","1"
"(2024 FC1)","2024-Mar-10 14:58 ± < 00:01","0.00223","0.00223","5.72","5.51","27.7","7.8 m -   17 m","0"
"(2024 EL3)","2024-Mar-11 10:31 ±    00:05","0.00024","0.00024","13.71","12.88","28.8","4.7 m -   10 m","1"
"(2024 EJ4)","2024-Mar-13 17:22 ± < 00:01","0.00018","0.00018","8.68","6.71","29.4","3.5 m -  7.9 m","1"
"(2024 ER4)","2024-Mar-17 09:14 ± < 00:01","0.00108","0.00108","8.30","8.00","27.4","9.0 m -   20 m","1"
"(2024 GD)","2024-Mar-26 02:00 ±    00:05","0.00212","0.00212","11.46","11.35","24.9","27 m -   61 m","2"
"(2024 FO3)","2024-Mar-26 12:36 ± < 00:01","0.00091","0.00091","10.44","10.15","27.8","7.4 m -   17 m","1"
"(2024 FQ5)","2024-Mar-31 15:32 ± < 00:01","0.00022","0.00022","8.58","7.01","31.0","1.7 m -  3.8 m","0"
"(2024 GW4)","2024-Apr-09 04:07 ±    00:03","0.00109","0.00109","12.12","11.91","28.9","4.4 m -  9.7 m","0"
"(2024 GV2)","2024-Apr-09 04:17 ± < 00:01","0.00072","0.00072","4.72","3.85","29.2","3.9 m -  8.7 m","0"
"(2024 GY4)","2024-Apr-09 12:08 ±    00:03","0.00084","0.00084","9.33","8.99","29.6","3.3 m -  7.3 m","0"
"(2024 GX3)","2024-Apr-10 08:27 ± < 00:01","0.00048","0.00048","10.17","9.60","29.7","3.0 m -  6.8 m","0"
"(2024 GJ2)","2024-Apr-11 18:30 ± < 00:01","0.00012","0.00012","14.38","12.81","30.4","2.2 m -  5.0 m","1"
"(2024 HX)","2024-Apr-14 16:30 ± < 00:01","0.00142","0.00142","9.64","9.45","27.4","8.9 m -   20 m","1"
"(2024 GZ5)","2024-Apr-15 16:47 ± < 00:01","0.00046","0.00046","5.04","3.71","30.3","2.3 m -  5.2 m","0"
"(2024 HA)","2024-Apr-16 17:42 ± < 00:01","0.00010","0.00010","19.46","18.10","31.8","1.2 m -  2.6 m","0"
"(2024 HO)","2024-Apr-17 13:10 ± < 00:01","0.00116","0.00116","10.17","9.94","28.8","4.6 m -   10 m","0"
"(2024 HQ)","2024-Apr-19 08:54 ± < 00:01","0.00213","0.00213","7.51","7.34","29.4","3.5 m -  7.8 m","0"
"(2024 HL1)","2024-Apr-26 01:40 ± < 00:01","0.00109","0.00109","12.10","11.90","26.0","17 m -   38 m","2"
"(2024 HT1)","2024-Apr-26 12:09 ± < 00:01","0.00240","0.00240","16.38","16.31","24.5","33 m -   74 m","2"
"(2024 HO2)","2024-Apr-29 15:18 ± < 00:01","0.00025","0.00025","9.24","8.00","29.5","3.4 m -  7.6 m","1"
"(2024 JR1)","2024-May-07 00:02 ± < 00:01","0.00198","0.00197","13.04","12.94","27.7","7.5 m -   17 m","0"
"(2024 JD)","2024-May-08 13:31 ± < 00:01","0.00184","0.00184","3.30","2.83","27.6","8.0 m -   18 m","0"
"(2024 JL3)","2024-May-08 15:36 ± < 00:01","0.00252","0.00251","18.49","18.43","26.4","14 m -   31 m","1"
"(2024 JT3)","2024-May-09 09:36 ± < 00:01","0.00017","0.00017","10.88","9.35","29.1","4.0 m -  8.9 m","1"
"(2024 JN3)","2024-May-09 12:50 ± < 00:01","0.00201","0.00201","13.02","12.92","27.0","11 m -   24 m","1"
"(2024 JN16)","2024-May-14 09:49 ± < 00:01","0.00017","0.00017","9.26","7.34","29.6","3.2 m -  7.2 m","1"
"(2024 JY16)","2024-May-15 01:10 ± < 00:01","0.00225","0.00225","16.81","16.74","25.1","26 m -   58 m","2"
"(2024 KX)","2024-May-31 03:42 ± < 00:01","0.00194","0.00194","8.25","8.08","27.7","7.8 m -   17 m","0"
"(2024 KB1)","2024-Jun-01 00:43 ± < 00:01","0.00243","0.00243","11.06","10.96","28.3","6.0 m -   13 m","0"
"(2024 KA2)","2024-Jun-04 13:46 ± < 00:01","0.00233","0.00233","13.14","13.05","28.0","6.8 m -   15 m","0"
"(2024 LH1)","2024-Jun-06 14:02 ± < 00:01","0.00005","0.00005","17.40","14.30","30.8","1.8 m -  4.1 m","1"
"(2024 LZ4)","2024-Jun-16 03:55 ± < 00:01","0.00186","0.00186","21.42","21.35","26.1","16 m -   35 m","1"
"(2024 MW)","2024-Jun-28 07:11 ± < 00:01","0.00062","0.00062","13.59","13.27","29.3","3.8 m -  8.4 m","0"
"(2024 MK)","2024-Jun-29 13:49 ± < 00:01","0.00197","0.00197","9.37","9.22","22.0","110 m -  240 m","3"
"(2024 NK3)","2024-Jul-11 06:20 ± < 00:01","0.00079","0.00079","10.58","10.26","28.7","4.8 m -   11 m","0"
"(2024 OG2)","2024-Jul-27 13:28 ± < 00:01","0.00187","0.00187","10.23","10.09","29.1","4.0 m -  9.0 m","0"
"(2024 PF2)","2024-Jul-28 17:13 ±    00:04","0.00233","0.00232","7.11","6.95","25.7","20 m -   44 m","1"
"(2024 PY)","2024-Aug-04 21:36 ± < 00:01","0.00063","0.00063","8.35","7.83","29.4","3.5 m -  7.7 m","0"
"(2024 PZ3)","2024-Aug-15 01:40 ± < 00:01","0.00185","0.00185","12.19","12.07","25.2","24 m -   54 m","2"
"(2024 QH2)","2024-Aug-29 23:00 ± < 00:01","0.00222","0.00221","18.48","18.41","26.9","11 m -   25 m","1"
"(2024 RR8)","2024-Sep-02 06:56 ±    00:05","0.00252","0.00252","14.56","14.49","28.3","5.7 m -   13 m","0"
"(2024 RP7)","2024-Sep-02 21:33 ± < 00:01","0.00211","0.00211","6.52","6.32","30.3","2.3 m -  5.2 m","0"
"(2024 RZ2)","2024-Sep-04 02:59 ± < 00:01","0.00174","0.00174","7.40","7.19","28.6","5.1 m -   11 m","0"
"(2024 RL3)","2024-Sep-04 17:15 ± < 00:01","0.00027","0.00027","8.08","6.77","29.1","4.0 m -  9.0 m","1"
"(2024 RR3)","2024-Sep-07 07:51 ± < 00:01","0.00240","0.00240","16.62","16.55","27.0","11 m -   24 m","1"
"(2024 RH6)","2024-Sep-07 10:36 ±    00:01","0.00144","0.00143","10.70","10.53","28.6","5.1 m -   11 m","0"
"(2024 RH7)","2024-Sep-08 17:24 ± < 00:01","0.00109","0.00109","13.94","13.76","29.8","2.9 m -  6.4 m","0"
"(2024 RS16)","2024-Sep-09 15:35 ±    00:08","0.00170","0.00169","11.49","11.35","29.2","3.8 m -  8.6 m","0"
"(2024 RX13)","2024-Sep-11 02:38 ± < 00:01","0.00057","0.00057","5.59","4.69","31.1","1.6 m -  3.6 m","0"
"(2024 RC42)","2024-Sep-12 19:32 ± < 00:01","0.00014","0.00014","9.59","7.42","32.4","0.89 m -  2.0 m","0"
"(2024 SD)","2024-Sep-21 10:02 ±    00:02","0.00089","0.00088","13.88","13.67","28.4","5.4 m -   12 m","0"
"(2024 SW)","2024-Sep-22 16:57 ± < 00:01","0.00227","0.00227","9.96","9.84","27.8","7.5 m -   17 m","0"
"(2024 ST)","2024-Sep-23 02:25 ± < 00:01","0.00073","0.00073","11.69","11.37","29.7","3.1 m -  6.9 m","0"
"(2024 SG4)","2024-Sep-26 06:02 ±    00:05","0.00204","0.00202","9.99","9.86","27.4","8.7 m -   19 m","0"
"(2024 SS1)","2024-Sep-26 06:40 ± < 00:01","0.00180","0.00179","12.64","12.52","28.4","5.5 m -   12 m","0"
"(2024 SV2)","2024-Sep-28 17:01 ± < 00:01","0.00033","0.00033","11.53","10.80","28.7","4.9 m -   11 m","1"
"(2024 TA)","2024-Sep-29 04:49 ± < 00:01","0.00248","0.00248","6.02","5.84","28.2","6.0 m -   13 m","0"
"(2024 TG)","2024-Sep-30 10:04 ± < 00:01","0.00217","0.00215","10.76","10.64","28.5","5.2 m -   12 m","0"
"(2024 TT)","2024-Sep-30 15:04 ± < 00:01","0.00097","0.00096","7.45","7.07","27.6","8.1 m -   18 m","1"
"(2024 TU3)","2024-Oct-03 15:02 ± < 00:01","0.00067","0.00067","8.58","8.10","28.1","6.3 m -   14 m","1"
"(2024 TL3)","2024-Oct-04 09:21 ±    00:02","0.00132","0.00131","19.17","19.07","30.3","2.3 m -  5.1 m","0"
"(2024 TS2)","2024-Oct-04 11:06 ± < 00:01","0.00128","0.00128","15.86","15.73","27.0","10 m -   23 m","1"
"(2024 TF)","2024-Oct-04 18:38 ± < 00:01","0.00201","0.00200","5.97","5.75","29.2","3.9 m -  8.6 m","0"
"(2024 TD6)","2024-Oct-05 03:13 ± < 00:01","0.00136","0.00135","3.85","3.30","29.6","3.3 m -  7.3 m","0"
"(2024 TM3)","2024-Oct-05 12:18 ± < 00:01","0.00037","0.00037","16.71","16.27","31.3","1.5 m -  3.3 m","0"
"(2024 TL2)","2024-Oct-06 09:12 ± < 00:01","0.00071","0.00071","9.12","8.70","30.8","1.9 m -  4.2 m","0"
"(2024 TR4)","2024-Oct-07 01:07 ± < 00:01","0.00075","0.00075","15.10","14.86","26.9","11 m -   25 m","2"
"(2024 TQ9)","2024-Oct-07 04:43 ± < 00:01","0.00075","0.00074","7.50","7.01","30.8","1.9 m -  4.2 m","0"
"(2024 TX6)","2024-Oct-07 08:17 ± < 00:01","0.00068","0.00068","10.96","10.60","28.4","5.6 m -   13 m","1"
"(2024 TW2)","2024-Oct-07 11:14 ± < 00:01","0.00192","0.00192","16.94","16.86","28.7","4.9 m -   11 m","0"
"(2024 TK5)","2024-Oct-09 00:01 ± < 00:01","0.00152","0.00151","9.11","8.91","27.7","7.7 m -   17 m","0"
"(2024 TH11)","2024-Oct-10 09:16 ±    00:02","0.00020","0.00020","13.70","12.69","27.2","9.5 m -   21 m","2"
"(2024 TK13)","2024-Oct-10 22:00 ± < 00:01","0.00114","0.00114","8.36","8.08","28.6","5.0 m -   11 m","0"
"(2024 TA12)","2024-Oct-14 07:19 ± < 00:01","0.00206","0.00206","6.01","5.79","29.4","3.4 m -  7.7 m","0"
"(2024 TM20)","2024-Oct-15 03:42 ± < 00:01","0.00081","0.00081","18.19","18.01","27.1","10 m -   23 m","1"
"(2024 TK22)","2024-Oct-15 09:02 ± < 00:01","0.00095","0.00095","10.69","10.42","29.9","2.8 m -  6.3 m","0"
"(2024 UB1)","2024-Oct-18 05:14 ±    00:18","0.00249","0.00248","8.01","7.87","28.4","5.5 m -   12 m","0"
"(2024 UF)","2024-Oct-19 13:33 ± < 00:01","0.00220","0.00219","21.34","21.28","26.3","15 m -   33 m","1"
"(2024 US)","2024-Oct-22 01:07 ± < 00:01","0.00242","0.00242","7.82","7.68","27.9","6.9 m -   15 m","0"
"(2024 UT)","2024-Oct-23 17:23 ± < 00:01","0.00031","0.00031","11.61","10.84","29.9","2.7 m -  6.1 m","0"
"(2024 UY)","2024-Oct-24 21:35 ± < 00:01","0.00197","0.00197","10.63","10.50","29.2","3.9 m -  8.7 m","0"
"(2024 UG21)","2024-Oct-25 12:57 ± < 00:01","0.00107","0.00107","13.61","13.42","27.1","10.0 m -   22 m","1"
"(2024 UN2)","2024-Oct-26 05:59 ± < 00:01","0.00142","0.00142","10.48","10.30","26.2","16 m -   35 m","2"
"(2024 UZ6)","2024-Oct-27 07:24 ±    00:01","0.00012","0.00012","8.14","4.55","31.1","1.6 m -  3.6 m","0"
"(2024 UD8)","2024-Oct-27 14:22 ± < 00:01","0.00171","0.00170","17.97","17.88","28.7","4.8 m -   11 m","0"
"(2024 UV7)","2024-Oct-28 05:36 ± < 00:01","0.00146","0.00146","11.32","11.16","29.2","3.8 m -  8.4 m","0"
"(2024 UQ1)","2024-Oct-28 06:10 ± < 00:01","0.00159","0.00159","6.60","6.35","27.7","7.6 m -   17 m","0"
"(2024 UO4)","2024-Oct-28 07:57 ± < 00:01","0.00046","0.00046","8.36","7.64","30.2","2.4 m -  5.4 m","0"
"(2024 UW7)","2024-Oct-28 18:43 ± < 00:01","0.00085","0.00085","15.79","15.59","30.3","2.3 m -  5.2 m","0"
"(2024 UB11)","2024-Oct-30 08:29 ± < 00:01","0.00041","0.00041","14.82","14.37","29.9","2.7 m -  6.1 m","0"
"(2024 UG9)","2024-Oct-30 12:42 ± < 00:01","0.00006","0.00006","20.30","17.95","32.5","0.82 m -  1.8 m","0"
"(2024 UD11)","2024-Nov-01 10:52 ± < 00:01","0.00143","0.00143","14.43","14.30","29.3","3.6 m -  8.1 m","0"
"(2024 VO)","2024-Nov-04 21:18 ± < 00:01","0.00192","0.00192","3.08","2.59","31.0","1.7 m -  3.7 m","0"
"(2024 VM1)","2024-Nov-06 23:47 ± < 00:01","0.00207","0.00207","8.63","8.48","27.3","9.1 m -   20 m","0"
"(2013 GM3)","2026-Apr-14 16:15 ±    07:56","0.00174","0.00005","7.41","7.20","26.3","15 m -   33 m","1"
"(2021 EO2)","2028-May-19 05:29 ± 2_06:17","0.00250","0.00103","6.10","5.92","27.9","7.1 m -   16 m","0"
"153814 (2001 WN5)","2028-Jun-26 05:23 ± < 00:01","0.00166","0.00166","10.24","10.08","18.3","0.932±0.011 km","5"
"99942 Apophis (2004 MN4)","2029-Apr-13 21:46 ± < 00:01","0.00025","0.00025","7.42","5.84","19.1","0.34±0.04 km","6"
"(2001 AV43)","2029-Nov-11 15:24 ±    00:03","0.00209","0.00209","4.00","3.67","24.6","32 m -   71 m","2"
"(2019 EH1)","2032-Feb-29 23:23 ± 9_08:58","0.00229","0.00012","14.62","14.54","30.1","2.5 m -  5.6 m","0"
"(2008 DB)","2032-Aug-14 14:51 ±    00:02","0.00085","0.00084","7.39","6.96","25.8","18 m -   41 m","2"
"(2022 MK1)","2034-Jul-20 04:30 ±    15:25","0.00242","0.00225","6.63","6.46","24.0","42 m -   93 m","2"
"(2022 SX55)","2035-Sep-17 19:55 ±    03:29","0.00217","0.00001","12.20","12.10","30.2","2.4 m -  5.4 m","0"
"(2017 FU102)","2036-Apr-02 23:31 ±    14:22","0.00086","0.00067","7.65","7.24","28.7","4.8 m -   11 m","0"
"(2023 EB)","2036-Oct-21 13:02 ± 1_09:21","0.00115","0.00110","7.71","7.41","26.2","15 m -   34 m","2"
"(2012 UE34)","2041-Apr-08 02:55 ± < 00:01","0.00073","0.00073","6.12","5.49","23.3","58 m -  130 m","4"
"(2024 TQ9)","2041-Oct-07 10:43 ±    07:28","0.00235","0.00034","7.20","7.04","30.8","1.9 m -  4.2 m","0"
"(2017 KJ32)","2042-May-22 00:41 ± 9_10:39","0.00232","0.00226","2.94","2.52","28.9","4.4 m -  9.9 m","0"
"(2018 GE2)","2042-Oct-30 03:27 ±    01:33","0.00095","0.00073","6.58","6.14","27.0","10 m -   23 m","1"
"(2012 HG2)","2047-Feb-12 22:18 ±    14:22","0.00096","3.0e-7","4.11","3.37","27.0","11 m -   24 m","1"
"(2021 AZ6)","2047-Jul-19 09:31 ± 1_08:23","0.00240","0.00191","12.14","12.05","26.3","14 m -   32 m","1"
"(2016 RD34)","2047-Sep-05 10:33 ±    03:50","0.00068","0.00066","3.02","1.16","27.7","7.7 m -   17 m","1"
"(2022 WO6)","2047-Nov-23 04:53 ± 1_06:38","0.00129","0.00119","7.55","7.27","29.0","4.2 m -  9.3 m","0"
"(2007 UD6)","2048-Oct-18 02:48 ± 2_09:26","0.00057","0.00023","6.74","6.00","28.3","5.8 m -   13 m","1"
"(2021 DA2)","2050-Feb-21 06:52 ± 1_01:17","0.00078","0.00075","7.40","6.92","29.2","3.9 m -  8.7 m","0"
"(2018 WR)","2052-Nov-13 02:23 ± 9_07:14","0.00184","0.00152","6.99","6.78","26.2","15 m -   34 m","1"
"(2015 XA378)","2053-Jun-01 04:39 ± 1_19:26","0.00138","0.00057","18.02","17.92","25.9","18 m -   39 m","2"
"(2021 JE1)","2054-Dec-10 11:24 ±    02:30","0.00073","0.00053","8.59","8.15","26.7","12 m -   27 m","2"
"(2018 NL)","2055-Jun-29 14:31 ±    00:02","0.00078","0.00077","8.69","8.29","25.4","22 m -   49 m","3"
"(2019 TK5)","2056-Apr-26 10:46 ±    00:03","0.00203","0.00202","5.76","5.53","27.5","8.6 m -   19 m","0"
"523809 (2007 TV18)","2058-Sep-22 10:49 ± < 00:01","0.00236","0.00236","10.38","10.27","23.8","46 m -  100 m","2"
"(2023 XJ2)","2059-Dec-03 01:00 ±    00:44","0.00140","0.00128","6.55","6.25","24.3","37 m -   82 m","3"
"(2019 BE5)","2060-Jan-30 10:19 ± < 00:01","0.00254","0.00253","13.62","13.55","25.1","25 m -   57 m","2"
"(2014 GY44)","2062-Mar-30 00:03 ±    00:05","0.00234","0.00230","12.36","12.26","25.4","22 m -   49 m","2"
"(2024 HZ)","2062-Apr-18 02:59 ±    18:53","0.00239","0.00166","7.25","7.10","28.7","4.9 m -   11 m","0"
"(2024 FQ5)","2064-Mar-31 06:46 ± 1_14:10","0.00143","0.00049","7.22","6.96","31.0","1.7 m -  3.8 m","0"
"(2022 SW20)","2064-Sep-22 18:06 ± 1_06:19","0.00231","0.00184","14.62","14.54","26.5","13 m -   30 m","1"
"(2005 WY55)","2065-May-28 01:12 ±    00:03","0.00222","0.00220","18.60","18.54","20.7","190 m -  430 m","4"
"(2008 CE22)","2066-Feb-06 19:58 ± 5_17:40","0.00193","0.00135","8.69","8.53","26.4","14 m -   31 m","1"
"(2024 VK2)","2067-Nov-07 01:54 ±    23:00","0.00121","0.00040","9.02","8.77","26.3","15 m -   33 m","2"
"(2023 MB3)","2070-Jun-19 23:51 ±    01:57","0.00241","0.00029","8.84","8.71","30.0","2.7 m -  5.9 m","0"
"(2018 GN)","2071-Apr-14 05:23 ± 3_19:32","0.00114","0.00075","20.34","20.23","26.2","15 m -   34 m","2"
"(2007 YS56)","2071-Dec-25 21:17 ± 2_17:16","0.00180","0.00130","9.35","9.19","25.7","19 m -   43 m","2"
"(2010 GH7)","2073-Mar-31 20:13 ± 5_13:43","0.00070","0.00057","5.73","5.03","27.4","0.008±0.000 km","1"
"308635 (2005 YU55)","2075-Nov-08 07:24 ±    00:29","0.00136","0.00126","13.79","13.65","21.9","0.4 km","4"
"(2021 VY4)","2077-Nov-12 18:58 ±    11:12","0.00139","0.00057","14.04","13.90","26.4","14 m -   31 m","1"
"(2019 BE5)","2079-Jan-29 17:08 ±    00:36","0.00164","0.00152","13.77","13.66","25.1","25 m -   57 m","2"
"(2020 RD4)","2079-Sep-15 16:19 ± 1_02:41","0.00125","0.00069","10.02","9.80","29.7","3.1 m -  6.8 m","0"
"(2021 US1)","2079-Nov-07 07:35 ± 5_06:59","0.00205","0.00184","3.34","2.92","27.7","7.7 m -   17 m","0"
"(2022 OK)","2082-Jul-19 14:56 ± 2_13:49","0.00213","0.00184","5.27","5.03","28.3","5.8 m -   13 m","0"
"(2024 LG5)","2084-Jun-18 02:10 ± 2_20:03","0.00223","0.00214","8.13","7.98","26.6","13 m -   28 m","1"
"(2021 TE13)","2085-Oct-13 01:45 ± 8_04:06","0.00060","0.00059","9.85","9.39","29.4","3.6 m -  8.0 m","0"
"(2020 UL3)","2085-Nov-13 17:37 ±    00:52","0.00111","0.00111","10.43","10.19","23.2","60 m -  130 m","3"
"(2018 NX)","2086-Jul-05 20:10 ± 4_03:09","0.00179","0.00178","3.70","3.27","27.7","7.7 m -   17 m","0"
"(2022 UL11)","2091-Oct-24 03:38 ± 8_08:22","0.00100","0.00042","9.18","8.88","29.1","3.9 m -  8.8 m","0"
"(2020 KU)","2095-May-24 11:23 ± 9_22:59","0.00103","0.00013","7.32","6.95","28.5","5.2 m -   12 m","0"
"(2010 RF12)","2095-Sep-06 00:06 ±    00:20","0.00035","0.00001","6.44","5.11","28.4","5.5 m -   12 m","1"
"(2015 XX128)","2095-Dec-09 11:12 ± 3_12:11","0.00238","0.00127","3.95","3.66","26.1","16 m -   37 m","1"
"(2013 XY8)","2095-Dec-11 18:21 ±    00:52","0.00229","0.00215","9.33","9.21","25.0","27 m -   59 m","2"
"(2021 AX1)","2098-Jan-12 17:15 ± 7_12:33","0.00159","0.00092","9.37","9.18","27.5","8.3 m -   19 m","1"
"(2021 FT1)","2098-Mar-23 10:17 ± 2_07:17","0.00060","0.00037","19.65","19.42","24.5","33 m -   75 m","3"
"(2011 JA)","2100-Apr-26 07:54 ± < 00:01","0.00139","0.00139","22.84","22.76","21.4","140 m -  310 m","4"
"456938 (2007 YV56)","2101-Jan-02 04:46 ± < 00:01","0.00160","0.00159","19.28","19.19","21.0","170 m -  370 m","4"
"(2023 UR1)","2102-Oct-29 09:09 ±    15:22","0.00236","0.00236","8.15","8.01","24.7","31 m -   69 m","2"
"(2022 GQ5)","2104-Apr-09 09:47 ± 4_14:01","0.00223","0.00201","12.74","12.64","31.7","1.2 m -  2.7 m","0"
"(2017 UJ43)","2112-Nov-08 03:27 ± 7_08:46","0.00116","0.00046","7.21","6.88","27.7","7.7 m -   17 m","1"
"(2024 RW13)","2113-Sep-12 01:30 ± 5_01:29","0.00132","0.00085","22.42","22.33","27.1","10 m -   23 m","1"
"(2023 MX2)","2118-Jun-29 00:02 ± 1_09:38","0.00051","0.00028","5.28","4.17","28.3","5.8 m -   13 m","1"
"(2011 DV)","2120-Apr-25 09:34 ±    00:28","0.00119","0.00095","5.89","5.49","20.7","200 m -  440 m","4"
"(2020 LO)","2121-Jun-05 01:30 ±    17:46","0.00132","0.00131","6.94","6.64","26.8","12 m -   26 m","1"
"(2007 UW1)","2129-Oct-19 03:09 ±    01:30","0.00056","0.00039","5.63","4.72","22.7","77 m -  170 m","4"
"(2022 HM)","2134-Apr-22 07:49 ± 3_16:01","0.00141","0.00050","14.69","14.56","27.6","8.2 m -   18 m","1"
"101955 Bennu (1999 RQ36)","2135-Sep-25 07:49 ±    00:12","0.00136","0.00130","6.29","5.97","20.2","0.48444±0.00030 km","4"
"(2016 SU2)","2139-Sep-27 00:53 ±    06:59","0.00147","0.00062","12.85","12.70","27.6","8.0 m -   18 m","1"
"(2018 YM)","2139-Dec-18 15:22 ± 5_23:04","0.00180","0.00118","22.72","22.65","27.1","10 m -   23 m","1"
"153201 (2000 WO107)","2140-Dec-01 19:50 ± < 00:01","0.00163","0.00162","26.02","25.96","19.3","0.510±0.083 km","4"
"(2017 FO128)","2141-Mar-16 00:37 ±    02:39","0.00246","0.00112","15.24","15.17","22.5","83 m -  190 m","3"
"(2009 DO111)","2146-Mar-23 08:56 ±    00:01","0.00223","0.00222","9.15","9.01","22.9","72 m -  160 m","3"
"(2021 UP)","2147-Oct-19 08:42 ± 1_01:14","0.00112","0.00107","9.73","9.48","25.6","20 m -   45 m","2"
"85640 (1998 OX4)","2148-Jan-22 03:24 ± < 00:01","0.00198","0.00198","12.30","12.19","21.1","160 m -  350 m","4"
"(2019 OV3)","2149-Dec-01 08:26 ±    00:24","0.00252","0.00140","12.45","12.36","24.3","37 m -   84 m","2"
"(2018 PY7)","2155-Aug-05 15:47 ± 5_11:52","0.00078","0.00078","10.25","9.91","26.8","12 m -   26 m","2"
"530520 (2011 LT17)","2156-Dec-16 04:49 ±    00:10","0.00251","0.00247","14.10","14.02","21.9","110 m -  250 m","3"
"(2012 XE133)","2157-Jan-01 07:44 ± < 00:01","0.00178","0.00178","9.92","9.77","23.3","58 m -  130 m","3"
"(2018 VO6)","2157-May-08 11:30 ± < 00:01","0.00257","0.00257","12.43","12.35","24.3","36 m -   81 m","2"
"(2017 HZ4)","2162-Jun-01 10:36 ±    20:48","0.00244","0.00043","6.16","5.98","25.8","18 m -   41 m","1"
"(2011 HO5)","2167-Nov-12 07:03 ±    00:04","0.00156","0.00152","7.52","7.29","24.2","38 m -   85 m","3"
"(2022 QX4)","2169-Sep-06 15:18 ± 2_05:47","0.00181","0.00010","9.35","9.19","24.7","31 m -   68 m","2"
"(2019 NB7)","2174-Jul-16 16:51 ± 6_07:16","0.00168","0.00005","12.91","12.79","27.4","8.8 m -   20 m","1"
"(2024 US)","2179-Oct-24 08:44 ± 4_19:39","0.00156","0.00091","7.80","7.58","27.9","6.9 m -   15 m","0"
"(2009 WQ6)","2189-Nov-18 00:27 ±    00:27","0.00210","0.00036","12.42","12.32","29.2","3.8 m -  8.6 m","0"
"(2023 GQ2)","2193-Nov-17 15:16 ± 2_18:16","0.00192","0.00047","21.46","21.39","19.9","280 m -  630 m","4"
"(2004 KG1)","2196-May-19 11:35 ±    05:43","0.00104","0.00103","10.43","10.18","24.0","43 m -   96 m","3"